羽翼0星辰,姥姥的数据结构MOOC可以说是我在中M见过的难度最高的几个课之一（其实我是很想把之一去掉的，但是话不能说的太死），每周都有几道非常难的编程难题，每次做的时候我都在想这真不愧是浙大，不过，话说回来，真想学数据结构的话，还是应该来听姥姥的课。毕竟有难度的练习对自身能力的提升才更有效。,5.0
jerry010201163com,for(inti=0;i<10000;i)printf("讲的太好了！！！\n");,5.0
SunHanxi,考研成功~~~姥姥真棒~~~,5.0
GuYz,两位教授讲的课非常好，至少是我在MOOC以及各大网络学习平台上上过的最好的课之一。看过之后对我整体提升非常有价值，谢谢网易提供这么好的一个良心的平台给我们方便优质地进行网络学习，谢谢浙江大学，谢谢两位教授！,5.0
活力男孩,姥姥讲得灰常好，，不知道慕课和浙大真实的数据结构课堂有什么区别？：）,5.0
chopchop,好的大学没有围墙,5.0
mooc1500718884391,本人FDU化学系的渣，希望能有助于我从化学转方向去大数据。,5.0
滴滴大大大,我是个专科生，学校没有开相关方面的课程，直到在大一下半年去参加ACM浙江赛区的时候，我才直到数据结构，虽然在平时敲代码的时候有用到这些东西，但是没有经过系统的学习，还是有些迷茫的地方。感谢陈姥姥，何教授的教导。,5.0
llllss,.。。一开始我还以为自己跟不上，认为救我一个人跟不上节奏，后来才发现不只是我一个，我想对第一次学这门课的同学说啊，跟不上，听不懂，太难别放弃，过两天继续听，我个人参加了第八次的数据结构课程，一路糊糊涂涂听过来，拿了个合格的证书，不过我想说姥姥这也太勤了吧，第八次刚结束，第九次课就来了，没办法，这个暑假接着把第九次课再学一遍，希望能把布置的编程题全部做完，也希望能拿个优秀，同时希望大二能拿个全国计算机程序大赛奖哈哈,5.0
Arthasmooc18,能不能早点开课。。。我假期时间多，开学时间就少了。,5.0
芒果菌zz,在酱的一个数据类型里，就像酱紫。,5.0
被吊打的学渣,还有人竟然只给两星？,5.0
好久不见mooc201,老师讲的很棒，祝我圆梦浙大,5.0
今朝有悔,老师，希望可不可以用java代码来实现呢？,5.0
言井mooc1,今天是三月一号为什么还显示有一天才开课啊？,5.0
肖--生工--02-菅昊羽,只有我一个人觉得课后编程题和老师讲的根本不在一个难度级别吗QAQ一杯茶一包烟一道链表写一天,5.0
mooc79651060236539478,机械专业转cs，看完翁恺的c就看了这个，觉得看起来没什么压力，没想到难度其实还挺大，这下心里美滋滋。,5.0
要留学的小香菇,喜欢陈越老师，能表白吗～课超级好,5.0
BIT1120170462,距离开课还有43天，好期待！！！,5.0
SEU-研54班-九-184470-刘鹏,浙大数据结构吃透了贼靠谱。。,5.0
hpu_计科合_361709010216_何志铧,其中有错误，PPT有的都做错了，说的话也有错的，误人子弟！,1.0
mooc48810466155448294,垃圾，照本宣科念需要你干嘛，可悲的是中国大学的很多老师也是这样！,1.0
ykt1493212666655,非常好的课程，比较强调代码的实现过程，对于强化思维非常有帮助，去年这个时候给我很大的提升，助我顺利考入中科大，感谢李老师！,5.0
65A31FFF154F003EDD0788B6D48BACC5,武大普通班，数据结构四个学分，72学时，大概54小时；弘毅班54学时，大概40小时；慕课只有差不多12小时。感觉课程容量缩减太多了啊。,4.0
学不完csharp不改名,第一次评价给了李春葆老师的数据结构，我觉得李老师的数据结构适合有一定基础的同学用来复习。有一定深度，而且比较适合考研复习，浙大的数据结构感觉偏向于基础，看完浙大之后有一定的算法代码经验之后，来看武大的并试着去写，真的有一种华山论剑的赶脚哈哈哈。,5.0
沸腾小草,感谢老师拯救了我的数据结构,5.0
Kinswag,不怎么样真心,2.0
扬帆启航5,什么时候第3次开课呢？,5.0
行者探路,老师讲的这么棒，竟然没什么人来看。真是暴殄天物！配合王道简直是考研的九阴真经。既然没多少人看，就让我独享吧。♫(͡◕◕͡)神采飞扬,5.0
Maturemooc15,老师讲得非常好，并且课中的例题也非常好，非常值得学习,5.0
王mooc625,播放视频卡的要死，经常无法播放，不是网络的问题，网易越来越不上心了吗,5.0
好奇怪,很棒，学过之后，还能回来再看，温故而知新，赞,5.0
大嘴猴子mooc1,讲的很细，很喜欢！,5.0
mooc1521171066209,我觉得特别特别好,5.0
老王爱编程,让我对数据结构知识有了重新认识。,5.0
HNUmath冬天的离开,非常感谢李老师的讲课！我是一名大四学生，这学期选修了数据结构的选修课，但是没有听几次，考前这几天找到武大的数据结构网课，把我想听的知识点都讲到了，配合习题例题，举一反三，很好。,5.0
mooc1473407505063,李老师的数据结构讲的精炼易懂不啰嗦，谢谢李老师,5.0
赮毕钵罗888,希望自己和Mocc一样成功,5.0
WHU2017302280019,节奏太快了,2.0
littlelittermooc,老师讲的很好，重难点知识点都能够举例引导帮助理解。,5.0
慕粉阿龙,老师讲的挺细，收益很大，顺便推荐一个学编程的网站cxyschool.com（java，大数据，人工智能）程序员学校网,5.0
孞弮,真不咋地.....,2.0
田七-CC,适合像我一样几乎零基础的同学，这个可以拿来入门，等学深之后再看浙大版的数据结构，那个会讲的深入一些。而且这个课程莫名地让我感觉回到了高中时代，是因为讲解的很细吗？？,5.0
songbaoping1992,其它学校的公开课都没有咋听懂，这个理解了不少,5.0
YoungJoy,讲得很细致而且通俗易懂，适合入门！,5.0
疯狂程序员-朗道,讲得好，国家精品课果然好,5.0
雷米mooc1,一般说起编程学习，大家很多都是先学“跑”再学“走”，但这节数据结构则比较细致地讲了其背后基础而重要的东西，很适合大一大二的同学打基础。,5.0
好名字都被狗拿走了,非常详细，很喜欢,5.0
食素,和书本一致，挺不错,5.0
远方mooc111,老师讲的很细致但又不赘述非常适合零基础,5.0
喝茶小姐,老师挺好的，我接受还比较难，毕竟完全自学，不会c语言，有点吃力，不过还是学到了很多。,5.0
mooc88529232666683705,内容很棒，但只有左声道，得下载下来自己改才行，不然耳机听起来究极难受,2.0
mooc73470666850019328,讲的很不错啦,5.0
余人车宝,关于代码的讲解上稍微有点快，容易更不上,4.0
JOU软件181-唐海钦,老师上课不错，收货很大。,5.0
杨廷帅,老师讲课切合我们这些学生的现实情况,5.0
柯玫玫,接受程度挺高挺好的,5.0
邢泽航,对数据结构课程理解更为深入,5.0
宫瑞阳,666666666666,5.0
lyn2018115039巨新龙,太棒了这个课程！！！！！！！,5.0
射狮射虎射天狼1991,老师完全念PPT面无表情，不适合没有基础的学,1.0
莱克斯丁,还可以，但是有点死板，照念ppt,3.0
九日辰,没听明白和没理解的可以反复学习,5.0
MY-BUG,可随时随地学习，视频可多次刷，非常方便。能弥补遗漏知识点,4.0
李玉来,老师讲的很清晰，但对于我这种没有基础的学生来说，还是有点难度，平时会多问老师的,4.0
微风凉mooc,跟课本的差不多，有些讲得比较形象，易学,5.0
欧伯,史蒂夫史蒂夫,5.0
chi芥末的猫,老师讲的挺好！,5.0
肖肖mooc161,什么时候开课,5.0
hrbu_17042117_苏蔓,邀请码多少啊,5.0
mooc1509236761339,不如自己看书，报这个课就是浪费自己的时间。,1.0
mooc47750120502731771,照着ppt念有什么意思？我又不是不识字,1.0
不再联系ykt1442060920573,垃圾课。。。。,1.0
计科三班20177710911,老师全是读的，没有一点讲课的感觉,2.0
Kevin-Durant_1554373689,谁不识字，照着念一边有什么意思，而且PPT做得差的一批！,1.0
18wu5032,内容不通俗易懂,3.0
岁月静好mooc849,干脆就别开课，开这种课恶心人,1.0
18wu5035,感觉老师是照着PPT念了一遍，主要还是自己看书理解吧。,3.0
mooc45772990077156077,老师说的不好都听不懂,1.0
怡红公子ykt74101994839334316,“测验与作业”这个模块没有设置答案解析，连正确答案都没有，我们怎么知道自己哪里错呢？又何谈进步呢,3.0
mooc1533286450647,念ppt的学法,3.0
EDTmooc,测验答案都不给影响我们学习效率太失望了,1.0
高数不挂科mooc,数组广义表开始，这个老师讲的课程可以说是讲的非常差劲了，但是前面的讲的还是很不错,2.0
劍肆,为什么老师上课都是照着数据结构c语言版这本书念，讲点书上没有的啊比如演示下敲代码代码可以解释详细点,2.0
mooc1515768571767,课程中的例题只是按照字面读了一遍，并没有深入解释。测验的题目跟例题有关，所以很难做对,5.0
陈仲民,五月下旬开课，欢迎参加！,5.0
射狮射虎射天狼1991,传说中的PPT老师,1.0
叶晨越,错的题目能有详解就更好了,4.0
South Bay·,··················································丑,1.0
麦田捕手666,老师什么时候开课啊,5.0
电击小子mooc4,数据结构咱们这门慕课非常棒，难度系数最大，质量最好。学到的方法思维，技巧，也很多，一直是陈越老师和何钦铭老师的忠粉。本学期目的，申请这门慕课的证书，鼓励自己，希望在学习的道路上坚持不懈！！！,5.0
ykt1534212154112,非常好啊！内容很硬，又能去pta上练题，老师又会及时回复提问，这是真的为教育事业做贡献啊，两位德高望重的老师精心打造免费挂在网上给我们学，多好啊！,5.0
无挂碍故无有恐怖远离颠倒梦想,请问老师下一次开课是什么时候，本次课都快结束了，重头开始来不及，当然如果视频不会关闭的话是最好的，这样还可以自己看，只是没有了答疑方面。。。。。,5.0
HandsomeBoyGirl,何老师那部分我是给5颗星的，但看了陈老师的部分只能给三颗星了，她讲的内容中经常充斥着'好像....好像...'，我都有点怀疑陈老师是不是数学系毕业的了，何老师就不同了，遇到问题就用数学公式，比如平衡树的高度为什么可以是logn，如果是给陈老师讲，可能一笔略过。何老师真的讲的太好了，但何老师给出的实例代码不比陈老师给的实例代码全，然而何老师的讲解很棒，虽然我之前有提前学过数据结构，但听了何老师的讲解感觉又收获了不少，十分感谢！至于陈老师，就是废话有点多，经常问学生：你好好思考下，这个问题她问过很多次了，不管这个问题难不难，你起码最后讲一下啊！还有就是我记得她说过存储图的方式不止两种，竟然用了差不多一分钟讲这个，而且最后没有答案，我也是醉了！对于新手，他们关注更多的是答案，而不是你讲双簧的本领。可能又有人会说了：你不能总是等别人将知识喂给你吧？是！但陈老师真的是太吊人胃口了，她的10个问题中几乎9个都不回答，反而说不紧要的东西。还有就是陈老师经常说会的就不用看了，甚至一节课还说过两遍，我听着都烦。但陈老师给的代码示例很好，态度和何老师一样，也很好。不足的就是吊人胃口、不严谨、废话太多,3.0
mooc21801065248110506,内容安排都不错课程进度有时可以加快课程如果增加红黑树、B树、B树就再好不过了~,4.0
201806040620童思陶zjut,课程体系完整，上课体验较好，偶尔网页会重复播放，双重存在，望改进,5.0
草腥河风,我感觉是国内讲的最好的了吧？两位老师都是最强大脑、绝顶聪明之人。,5.0
leviykt1504882786511,何老师讲得好棒啊。陈老师转数太高，跟的好辛苦。,5.0
vcbchang,老师讲的非常棒，讲的都特别想读浙大计算机系的研究生，老师收下我的膝盖吧,5.0
起风了mooc649,和所学课程一起上，巩固学习,5.0
我真的是万,深入浅出，化繁为简,5.0
ykt1513842244132,讲的很好，很多看书非常难理解的概念，在陈姥姥和何老师的讲解下，都变得生动有趣，所以强烈推荐。,5.0
yfmooc84,老师讲的很棒,5.0
lijiandaxing,快给老师加鸡腿！！！while(1){teacheradd=鸡腿；},5.0
信小康,很棒的课程,5.0
_小明先森,老师讲得非常好，也很热心地为我们解答问题，而且还有判题系统给我们提供同步练习来进行实际操作。总之是非常棒！！,5.0
梁磊xx,66666,5.0
陈墨_Akira,陈老师，何老师，我爱死你们了！！！！！！！！爱你爱你爱你！,5.0
鲁棒,老师好可爱，嘤嘤嘤,5.0
夢叶四月,一个非科班的转行狗。现在课件出到第8八周了，题目才做到第5周。每周都抽出16小时左右时间(社畜能抽出时间的极限了)学习数据结构，题目还是做不全对(总有那么一个测试点对不了)，做不熟练(疯狂看课件和源码来参考)。当然这不怪老师，而是这门课本身太难，倒不如说正是两位老师教得好，教得深，我才不会自欺欺人地觉得学好了(然而什么都不会)。能够让我看清自己和科班生的差距，才能让目标更清晰。已做好二刷准备，程序员的内功，一定要学扎实！,5.0
苏金鹏su,讲的不错。。,5.0
程序小金刚,课本引导的,5.0
HHYmooc41,。。。。。,1.0
JYHykt86329662048808680,老师讲课讲的很好，认真仔细,5.0
幽霊桜,老师讲课非常细致,5.0
Mambaykt1524456299192,总体上还不错,4.0
梦想mooc220,讲的太好了,5.0
丁磊小号,老师讲的真好，例子举的很好,5.0
mooc82500347963102353,老师讲的非常好解决了很多很多的问题，我不是学校强制要求的，是我主动找到的这个平台,5.0
TGD-luck,讲得很好，希望老师继续更新。,5.0
花倾红雨,很清晰很明了,5.0
啾啾啾mooc54,感觉讲得很清晰，谢谢(*°∀°)=3,5.0
指缝阳光mooc3,我想问maxp->data和p->data不是同一个数据吗，怎么比较啊，这里不懂,5.0
mooc1528966114468,非常好，能学到不少！,5.0
8000116213,条理很清晰，很全面，概念配合例子很好理解,5.0
ykt1489816631924,挺好的，非常版，易懂,5.0
七月与十七日,容易理解，好评,4.0
sx1108163com,慢慢入门感谢李教授,5.0
mooc1526808540458,课程值得一看，不啰嗦.,5.0
mooc21453715340829599,好好好好好,5.0
于全东,如果说C语言只教您基本驾驶（编程）技术，那么数据结构课程则教您漂移、飞跃、侧驶…（编写高质量程序），和挑选、修理、改装、设计汽车。数据结构课程就像杂草丛中的青蒿，庄稼地里的红高粱，说不定因此给您带来“诺贝尔”奖，助您从生（学生）到猿（程序员），从猿到狮（算法大师）。,5.0
北宸z,厉害了。我听了这么多人的课，只有听懂您的归并排序思想，感谢感谢。,5.0
聆听k122678449456225783,唯有学习方知不足。,5.0
陈墨_Akira,和陈越姥姥的课合起来听。两位老师都深深吸引了我。爱你们！！！,5.0
木草青,1.老师讲课经验丰富，语速，节奏把握都非常好2.课程内容不枯燥，通过很多实际场景引入，知识点都讲解通过很多动画效果展示都非常清晰3.感谢这本课，解了我非常多困惑，也带给我很多思考。,5.0
叶兰山,非常不错，感谢老师！！！！！！,5.0
1611610028李鹏飞,网上学一遍，线下学一遍，学习变得轻松不少，还能相互映证巩固知识,5.0
SMXY20180861211林栋,ok不错的,4.0
SMXY20180861219刘佳鑫,学习不是很紧张哈，还能应付得过来,5.0
凡事不问的俗人,没基础有点难理解，自身问题,5.0
SMXY20180766146龚豪,受益匪浅很棒,5.0
mooc91080449280888407,挺好的课程,5.0
SMXY20180861222陈文伟,很棒从中学习,5.0
SMXY20180861224蔡凯洲,非常好的课程,5.0
慕课小粉,讲的很好，形象,5.0
mooc1492169768621,老师讲的很好,5.0
流枫裳烟雨,感觉讲的清晰到位,5.0
水云云水mooc69307396099158317,适合于预先复习了的同学。,5.0
沉啾啾啾,非常有帮助,5.0
mooc82079981561116694,课程后面习题答案已取消，请问还可以再发一次吗？,5.0
李逸礬,我爱死这个软件了,5.0
JOU软嵌181张宇,好好学习吧,5.0
牛永洁,是非得失风随碟附送大,5.0
LYN爱上对方过后就哭了,棒棒!111,4.0
LYN_李云帆,哈哈哈？？？,5.0
壹楪知秋,很细致，讲解很到位,5.0
LYN王璟璠,讲的很详细,5.0
2018117008D大大墨清,老师讲的非常清楚,5.0
JOU软嵌181李胜,精品课程。,5.0
JOU软件181魏祥熙,好好好好好,5.0
ykt1755139956421681,老师讲的很全面，详细,5.0
LYN18软件工程李佳奇2018118119,非常棒！老师真的超级好！！！,5.0
mooc52191524397466197,讲的得很好，比较容易懂。,5.0
学习一时爽一直学习一直爽,呵呵红红火火恍恍惚惚好好,5.0
向音宇,受益良多。,5.0
豆浆mooc69,各方面都比较不错,5.0
浮沉ykt1503371333109,很棒很棒的,5.0
我稀饭金金金,准备考408，听这个合适吗？,5.0
224房的夭夭,老师讲的很详细，多听两遍更好,5.0
mooc39662514048945289,可以学习到很多有用的东西，为西北大学点赞,5.0
李刚,课程资源丰富，教师讲解细致到位，很棒！,5.0
2018210006王悦,老师讲的非常好喜欢李老师的课,5.0
11016112薛妍,看了第一章的微课，动画容易理解知识，会继续坚持学习,5.0
感光度文化传媒刘乾章,这门课针对性很强，，我们能够被吸引住，投入的学习，，是一门非常适合我们学生学习的课程,5.0
mooc1535117371128,李老师的课件制作好漂亮，学习了。视频讲解清晰，明了，图文并茂！！,5.0
王继桥2017140332,收获很多也让我懂得更多,5.0
楠mooc219,很好很棒很方便,5.0
叶贵梅2018210012,内容讲的丰富，细腻，有趣，老师讲的很到位。很棒！,5.0
2018210037李清秀,这门课帮助了我学习，内容丰富，讲课老师讲的非常详细！,5.0
2018210046-邹龙妹,老师的讲解很详细，让很难懂的道理变得通俗易懂！,5.0
2018210032,老师很好，讲的通俗易懂，详细，很容易理解,5.0
陆彩霞,课件制作精美，内容丰富，讲解深入浅出，学生容易接受。,5.0
熊二k1270552184120575914,课程内容形式新颖，重难点讲解清晰，由浅入深循序渐进，易于掌握！,5.0
刘长荣k121530209838955883,质量高，思路清晰，深入浅出！,5.0
淮安优博文化李彦乐,老师讲课水平很高，课件精致详细，很容易学会，适合职业院校学生学习,5.0
還好mooc9,讲的很到位，受益匪浅,5.0
2018210057陈秋敏,非常好，很容易，通俗易懂,5.0
2018300059,非常好能学到这么多知识要点！,5.0
2018210034李贝贝,数据结构这门课，丰富了我的眼界,5.0
hzau生信1802黄文东,这是真的好！,5.0
测绘1807刘士威311805000717,特别喜欢开头的动画，画面很有科技感,1.0
格格巫mooc117,老师十分认真，讲的也很透彻，谢谢老师教导,5.0
201716827-邹鑫男,好好好好好好好好,5.0
18wu5020,对大学学习挺有帮助的,5.0
mooc87343679838745222,我觉得还可以,5.0
孟达1,老师讲的非常精彩ppt也很有帮助,5.0
南笙北执mooc34,。。。。。。,1.0
18wu5012-张凡,学到很多，课程很棒，,5.0
name丁清林,棒！强烈推荐,5.0
HTU-李为华-20185105005-陈彤,很好。很喜欢,5.0
蚀风墨心,真的不错，赞,5.0
wt875,老师很好很负责,4.0
mooc87629231909189034,超级棒嘿嘿嘿,5.0
18wu5010,看书不会的在视屏上也会有启发,4.0
18wu5019,觉得还可以吧，基本上都有,5.0
18wu5007,很好，不错,5.0
18wu5044,挺好的就是有些地方不太详细,5.0
JAMES凡凡,给我带来了众多知识可以随时随地的学习很方便,5.0
谷世龙,老师讲的非常清楚，非常棒,5.0
黎黎黎黎沐,老师的讲解非常精炼不拖沓。该有的重点都有且都讲的很明白。如果在工程实现上多一点就更完美了。,5.0
mooc26085272344369214,这个课程虽然很难，但是在里面我确实学到了很多,5.0
默语乀mooc12,老师是讲的最棒的！喜欢喜欢,5.0
1730230317刘璠,老师教的蛮不错的，超棒,5.0
梦想mooc220,老师讲的太好了，谢谢老师。,5.0
aumooc109,内容很好！,5.0
Sunshine____cisco,老师讲得挺好的,5.0
wwwrzc8256688163com,老师水平很高，ppt代码写的简明清晰，一看就懂，我看很多课本上的代码不知道从哪copy的写的一团浆糊。。。,5.0
mooc1508596477564,老师讲的也太好了吧！很适合基础一般的同学听！,5.0
Chanceykt1519814937873,很棒的，真不错,5.0
hu120ping,逻辑清晰，语言表达到位，态度和蔼,5.0
我要当学霸欧,老师讲的很棒！,5.0
mooc51298779069158193,期待已久的逻辑课。java程序员还没入门，听这个课，感觉收获还是颇丰。得多听几遍才行。,5.0
青莲门下,这个课是不错的，不够这个交互是有问题的,5.0
1711620090-谢俊豪,66666666666,5.0
暮山ykt1507966037521,老师讲的很好，给人无限发散空间,5.0
杨业行1711620053,好难的，哈哈,5.0
YuzuMei,有很大的帮助,4.0
吴恒杰,对我学习技术语言提供了很大的帮助,5.0
周起舜,容易懂！！！,4.0
ZTSmooc3,学成智障唉。,5.0
hzau0302,非常棒的课程，讲解清晰，课程安排合理，可以考虑多加点非编程类练习题。,5.0
时间众筹,三天时间快速刷了一遍课程，老师讲的很好，互动区答疑很赞,5.0
我哪里胖了,老师讲的很好了是我自己笨嘤嘤嘤,5.0
mooc85840499130736286,姥姥人超级好，听课感觉很踏实。,5.0
ykt1496930682144,老师很亲切,5.0
师大18-144班-201826702070李亦农,很喜欢陈越老师的教学方式，PTA很强大，线上联系加深了我对数据结构的理解,5.0
青子a,好课，就是有点难,5.0
平静是一种享受,老师们讲的很精彩。,5.0
mooc15050104388881163,老师讲的很不错，我是零基础的跨考生，因为自己一个人啃数据结构，啃到图这一张啃不动了，老师的讲解让我恍然大悟，等我把排序看完，我打算回过头，重新看一遍老师讲的课程,5.0
sunnyczh1,浙大的老师太有水平了，把抽象难懂的知识讲成了傻瓜式教程。小白们的福音，高手们也可以加深理解。,5.0
夏目mooc229,深入浅出，值得推荐,5.0
kevinmolly,数据结构很棒！,5.0
mooc23346325446215769,非常好，很有意思,5.0
TJ161751637,这个课讲的超级清楚，树的递归遍历那块一讲就通，老师太厉害啦,5.0
热到膨胀---------,老师讲得很好，很细致，找了这么多数据结构的慕课，就这个看下去了,5.0
mooc58629495940485016,这门课看来很受欢迎啊，我也想学，但是我只有python基础，这门课的语言是C吧，怕看不懂。。。,5.0
ykt1490961987166,讲的好，练习题更好,5.0
韩艳丽1,(๑•̀ㅂ•́)و✧,5.0
qhu1620105010,内容很丰富，老师讲课很生动。不过本身课程偏南，入门需要下很大功夫，课程也不是特别考虑没有基础的同学，难度一开始就提得很高。,5.0
mooc1529645261157,好详细的课，,5.0
哈密瓜蜜儿蜜儿,很清楚很详细。,5.0
mooc54138586830991784,perfect,5.0
15239612953,很好，值得推荐,5.0
mooc26085272344369214,我觉得好多上课没懂得知识点现在通过这个学习也懂了，并且老师上课讲的也更加记得清楚，加深了记忆。很棒,5.0
王俊亭,耿老师讲的非常好,5.0
来日方长mooc221,不错，很好,5.0
影随枫飞mooc90539981560285847,很不错，值得学习,5.0
LYN赵波,挺好的。。,5.0
西北有空调大学,可以督促学习，也不用自学那么累，还不错,5.0
网爆红人的歌声,很详细很好,5.0
fwsfxz,感觉良好，挺棒,4.0
mooc24516965509357662,老师教的很好，受益匪浅。,5.0
mooc53293302178296819,666666,5.0
空城mooc167,老师讲的很好,5.0
贪吃的火星,耿老师的课程通俗易懂，强烈推荐,5.0
mooc54673089017368524,...........,5.0
DungeonFighterOL,非常好！让我知道这么多知识,5.0
Le_cuer,耿国华老师讲得特别棒,5.0
尚怡君,适合入门人员,5.0
無ykt1513316812905,66666,5.0
moocmocmc,老师讲得很清楚明白，受益匪浅,5.0
同道殊途mooc5,老师讲的很棒很细致，学的还可以,5.0
mooc43460195629318369,可以很优秀,5.0
懒神神,可以讲解的细一点,5.0
Zj0528,好好好好好,5.0
mooc1532859658267,学到了很多专业知识,5.0
CWUC洪涛,挺丰富，挺全的,5.0
歌行者GX,gooda,4.0
千羽千寻mooc1,课程挺好的，但关键还要自己在线下多多练习，努力巩固,3.0
改变自己8559,课程非常棒！！！！！！！！！！！,5.0
Qi小贤,11111,5.0
mooc1527778216577,开课内容是不按顺序吗？先第一章后第三章。。。。。？因为刚加入,5.0
cjybit,还不错哦，浅显易懂,5.0
ourselvesmooc2,给我可以预习复习·教学内容·，,4.0
mooc11221,独到精辟，循循善诱,5.0
somoking,good！,5.0
ljx01,老师讲解的挺仔细的,5.0
1711620026陈世里,学的很快乐,5.0
chenkern,通俗易懂，谢谢,5.0
软件1702史可金,老师教的很好,5.0
mooc1536197601705,新手适合，讲解很详细,5.0
菠萝吹牛,真棒真棒真棒,5.0
五百斤的胖子,很好，可以学到很多,5.0
紫禁霜寒,66666,5.0
迈向明天Mooc-X,优秀的课程,4.0
mooc1495597950604,内容很好！,5.0
厌世冢,非常好好极了,5.0
未闻花茗ぁ,对我这种不是系统学习的人帮助很大，从基础开始讲解，,5.0
慨叹人生,讲的很明白,5.0
hrbeu2016201409李明鑫,很喜欢这个老师，就是课程更新度略低，要是一周能多更新点课时就好了。,4.0
暗黑大魔王,好好好好好好好好好,5.0
诗屋艾,我是这样理解的:依照栈"先进后出"的特点，假设有三个客人住店，第一个客人拿走了编号为1的钥匙，然后是第二个和第三个分别拿走编号为2和3的钥匙.在理想情况下(住店的时间相同)掌柜收到的钥匙编号顺序为:3，2，1，而之前的顺序为:1，2，3.满足栈的抽象特点.,3.0
么凹大人,正在学，感觉很棒！,5.0
所由所琳都是璐,特别好！要是课程结束还是能看视频就好了,5.0
一杯烤奶,总体来说不错，老师讲的很棒，但是每节课后面提的问还是希望在下一次课的开头说下答案，有点懵QAQ,4.0
别说以后mooc2,老师讲的好，但我听不懂,5.0
卐ykt1543806756267,C语言基础差，听得不是特别懂,4.0
HUST-CS1706-萧平,课程真心不错。,5.0
CS1706_钟宇,不错不错，讲的好极了,5.0
HZAU2016302200703刘远翔,可能是我理解的较慢吧，感觉十几分钟的一段视频，需要想很久才能明白,5.0
与尔同销万古愁-,老师讲的很详细,5.0
mooc74887575434276201,刚看完了第一章绪论，老师讲得真得很好，很容易入门,5.0
小祥123456,我学习了这么久对数据结构更加了解,5.0
计算机-1704-方应明,老师好棒棒,5.0
菜菜的晓橘猫,老师讲解，细致认真，课后测验，难易相宜，能从中学到很多，强烈推荐,5.0
HUST-CS1708-喻岑皓,棒！强烈推荐！与学校的数据结构课程同步开课，对我们复习预习十分有帮助,5.0
华科_IS1701_袁博实,老师认真负责，课件丰富,5.0
HUST-CSIE-李馨玥,这个课程真的非常不错啊,5.0
FredLee,It'ssocool，andIthinkeverybodyshouldjoinit,5.0
mooc1511077426178,老师讲课很仔细，带我入门数据结构，感恩,5.0
通信1701刘力仂,缺少章节，例如KMP算法，等等,4.0
//ykt1483952877205,讲的很好，就是更新太慢了，希望能快一点,4.0
clymhx,讲的很好但有些地方还需要讲详细一点就好,4.0
1240587649,非常赞！!!,5.0
独人欣赏d,老师安静的非常棒，通俗易懂,5.0
mooc6968,可惜课程不完整呢,4.0
mooc50549003085013006,感觉很不错,5.0
刘浩浩622727199710164410,讲的很不错，非常好！,5.0
射狮射虎射天狼1991,传说中的PPT老师,1.0
厉凡,好，感谢老师们,5.0
mooc38463590269663808,感觉讲得很好,5.0
秋与雪,哈哈哈哈哈,5.0
安慰剂zf,内容丰富整体不错如果老师能够将每节课课后问题在后一节课开头公布一下答案就好了,4.0
自动化U201814224魏靖旻,老师的授课方式很适合初学者,5.0
mooc1514190586748,更好的理解底层原理,5.0
hnu201808010530王馨语,从基础说起，正适合新手,5.0
Lee虎,希望2020能成功上岸啊,5.0
mooc51631344343666744,讲的知识点很全面，但是不是特别容易能理解，对于算法的设计并不是那么理解，有待提升,4.0
「looper8」,牛逼！！！！,5.0
沉迷学习的我呀,我认为特别好,5.0
太理成型1805王利峰,老师不喜欢四的倍数吗,5.0
ykt1478586955785,讲的韩浩，但是单元测试能不能给个答案解析,5.0
邹广群,老师讲课清晰好,5.0
地大-2014-张振,将得非常详细，课程很好，就是老师电子证书什么时候能够看到，我现在有急用,5.0
望君怡,讲的很仔细，学的很舒服,5.0
嘎玛顿珠元旦,很好，会了,5.0
Ares18350123165,老师讲的很详细，超棒。数据结构有些难不过相信我还是能学好的。,5.0
生医170520175614郭富昌,amazing,5.0
生医1705国际班20175681蒋麦琪,推荐，比较简单,5.0
小太阳先生mooc1536468020743,很棒的课程,5.0
mooc47750120502731771,比隔壁照本宣科强多了,5.0
ykt1473078634501,课程内容非常充实，老师讲的也很好！,5.0
稻根腾鹿,名师讲课就是不一样！,5.0
BZIT计算机应用技术173张帆,好好好好好好好,5.0
蔡晓辰,老师讲解很用心,5.0
李信军,MOOC-----中国最好的学习网站！,5.0
头铁的菜鸡,姥姥nb，zju.nb（破音,5.0
jiuone,很喜欢陈老师的讲课,5.0
听风落叶,理解的更深了,5.0
Flmae,这段时间在这里学会很多不知道的知识，有些不懂的地方人家再评论里说了希望老师抽时间再讲一边，这样我们对数据结构的知识更深了谢谢老师辛苦了,5.0
晖mooc50,老师讲课思路清晰，当时一听就大概明白了，但是后来又会忘记，需要多看几遍，多练习，给老师大大的赞，辛苦老师了。,5.0
L抹茶小蛋糕,虽然就看了一章，老师讲的特别清楚很容易理解很棒的浙江大学的老师真的讲的很好同时也在看翁恺老师的C语言设计都是浙大的好评推别推荐比我之前看的那个好的不要太多了,5.0
简单点2nd,讲的超级超级好，视频也超级超级用心，课程介绍中强行安利了一波PAT(￣▽￣)~*,5.0
无妨妨妨妨,henhao,5.0
popomooc44,老师讲的很好。,5.0
西南财经大学钱子杰,安排合理难度适中,5.0
哦啦啦啦W,老师讲的挺好，比我自己的老师好太多,5.0
黄恩泉-自动化1601,非常棒！讲解清晰！,5.0
kooyip,喜欢很好继续,5.0
未吻花名,陈越姥姥真的功力深厚啊，语言接地气的同时课也不枯燥,5.0
mooc1525353973981,课程讲的不错，缺陷就是课时太少了，真的，数据结构给这么一点课时，真的当大家都是浙大学霸啊,5.0
诚mooc114,非常好的课程，老师真给力，争取拿到证书。,5.0
黎艺丹41712054计算机科学与技术,老师讲的很清楚哦,5.0
greenbreeze,这门课使得我重新捡起数据结构方面的知识，温故而知新，感谢耿老师的教授！,5.0
m182370662331163com,和书本一致，很好,5.0
郭军儒,转行前端工作好几年了，重新学。其他数据结构的课程，都是上来就开讲。这门课会先讲为什么需要数据结构，很棒。,5.0
neusoft16150400520尹才妮,我感觉还不错,5.0
你大爷爷,讲得很好！！！,5.0
噔噔等等灯灯邓邓,好的很真的,5.0
2017115087,特别好，值得学习,5.0
QQmooc383,体验感很差,1.0
电气1507张涵,思路清晰逻辑严谨，非常棒，老师辛苦了！,5.0
ykt1533046191790,verymuchgood.,5.0
快乐就好1994,不错，有习题可以及时检验自己学习的效果！,5.0
Bohemianmooc7,还可以吧学到了很多新知识,5.0
冰柠IT,说真的，耿老师讲的很好，课程也制作的好,5.0
狗年快乐mooc,老师讲的课通俗易懂,5.0
灿CL,老师讲课内容很详细,4.0
heotoon449,挺好的额额,5.0
Fmooc416,很好的软件能学到很多知识,5.0
_Abraham,还不错，老师讲的很清晰，思路完整，推荐。,4.0
爱吹牛比的小铭,非常棒讲的非常细致,5.0
翁璇Aaron,讲解的很有层次，由浅入深，对于初学者十分友好！,5.0
Spider不可逆,老师讲的通俗易懂，例子都很经典,5.0
杬祭,Lulala,5.0
鲜奶蛋卷l,喜欢孔芳老师^_^,5.0
姑娘_黄,超级棒，给高中学生上信息奥赛的课都可以直接用。老师言简意赅，讲的明确清楚。超级棒的课程。赞赞赞！,5.0
过客mooc446,课程内容详细，教员思路清晰，感觉学到了许多的东西,5.0
mooc1521297232882,老师的课很好，但是我们要学好还有下功夫,5.0
hplxiao,超越课本中的知识，联系生活，讲解透彻，易于理解学习,5.0
Alice306,课程组织很严密，知识点讲解很详细,5.0
mooc1521027602137,课程内容详实，配合题目更容易加深记忆。课程教授不仅仅是知识本身，更旨在提升学生自身的思维能力和学习能力,5.0
休斯敦27号射手,zszszszs,5.0
圣战士mooc1477810921098,课程很好。,4.0
宇智波尹,老师讲的棒，而且视频可以重复观看，给点赞,5.0
王维振mooc1536799324624,很好，赶紧来学习吧!,5.0
叶兰山,没有教师答疑,1.0
鱼巷里的猫c,很好，老师很负责讲的很好,5.0
JoyBanana,这个老师给我的感觉基本就是照本宣科，说实话还没有培训机构的网课老师讲得好（个人感觉不喜勿喷）。概念偏多，很多诸如指针链表之类的解释也是模糊不清，相较来说不易理解。可能是老师在镜头前过于紧张吧，没有发挥出海大相应的实力。总体来讲，不推荐。,2.0
我就不起名,老师讲的是不错，但是呢，听课的时候有用耳机听起来是单声道的，我还以为是我耳机坏了呢。希望老师以后上传视频的时候能注意这个问题，因为在宿舍里看视频为了不影响我的室友我必须要带耳机的！！！！！另外这个视频清晰度十分的低，还有老师请你换一个好一点的麦克风因为你的声音真的不是很大,5.0
mooc13111505565944994,讲的是个啥呀。老师真心业余,2.0
子樊,感觉没什么人上这个课,2.0
赵启升,界面模糊，讲解思路不清晰,3.0
kin3z,视频质量不太好，而且内容有点按书照读的感觉。,4.0
mooc44243603188392146,讲的是个啥啊,1.0
王刚_这个昵称太抢手了换一个吧,课程不错，但是有点多,5.0
四川师范大学_2018110202_曹选坤,学会了课程,5.0
四川师范大学2018110241王嘉铭,好好好好好,5.0
杨秋妹,不错，老师教得好,5.0
孙家伟,老师教的非常棒！,5.0
alexgirl,超级好的数据结构课程！,5.0
mz151475365,老师讲得很好，建议学习拉长一个月，因为数据结构这门课很难。,5.0
178凯,课程内容贴合教材，形式也很方便同学们随机学习。望今后单元测试的截止日期可以与课程进度相符合，避免出现后面单元比前面早截止的情况，以免同学们错过时间。,5.0
小西555,好！真的好，真的真的哈皮！,5.0
择清,好的很啊啊,5.0
klkklk2,........,3.0
Aserbear,课程浅显易懂，循序见进，很不错的一门课程,5.0
席浩然,真的很棒棒,5.0
NJUPTB18031630曹志杰,真的是太好了，建议加个字幕,5.0
从心出发mooc12,很好的课程，讲解通俗易懂，容易理解，建议先看完C语言再看这个，和书籍一起看更好。,5.0
mooc40275447945052739,已经完成期末考试，是老师们很用心准备的课程，是很好的课程：老师的声音好听，配合ＰＰＴ简洁的讲解了重点；教材很容易理解，不会像看严蔚敏的经典教材那么头晕犯困；课后测验和编程题的难度和分量也合适；考试也主要是考基本概念理解、画图演示算法过程。适合于普通大学生、文科大学生、自学者。不过拿优秀证书很难，要90分，我估计在86分左右。（高水平的同学，建议浙江大学的数据结构，我只拿了67分的合格证书）。如果非要指出什么可改进之处，那就是希望能够用文本格式提供程序，便于复制到Dev-C之类的开发环境里面去验证。最后，我衷心感谢老师们的奉献。,5.0
ykt1504840354374,awesome！,5.0
koshikin,讲的还是比较清楚的吧,5.0
陈墨_Akira,老师很热心的帮助我！一定要好好学呀！,5.0
moo朴,老师您好，今年考研打算报考南邮，请问可以和你交个朋友？,5.0
WHY_1219043810,真的很受用,5.0
mooc1522922201943,666666,5.0
mooc1488801472976张浩,123456,5.0
LemonTmooc1522895537935,真是太棒了！！！【微笑】,5.0
PseudoA,课程很好，很喜欢,5.0
刘云晗,哇，超出预期了,5.0
QG201702505248刘超,666666,5.0
宋政haha,非常感谢老师的教学，让我又懂得了许多,4.0
悬铃木ykt1533624449022,老师讲的特别清楚,5.0
镀铜豌豆,棒！强烈推荐,5.0
liyishan_15720390747,很有帮助，谢谢老师,5.0
mooc46011625453402414,讲解清晰，知识点全面，很喜欢。,5.0
mooc78044154749442499,关于算法的细节讲得很好,5.0
易国峰,老师非常好,5.0
name丁清林,棒！强烈推荐,5.0
mooc41992198761716169,老师讲的有条有理，思路清晰。,5.0
月光凉i,66666,5.0
懒得起名mooc31,很好非常喜欢,5.0
蔚蓝枫婷,收获了很多知识,5.0
2017210639黄月婷,老师讲的很详细很好,4.0
mooc55975595563242308,老师讲的很好,5.0
郭方一,很好，很细致,5.0
HIT1150310709王旭,课程设置逻辑清晰，但是感觉每章的测试有的题目答案是错的,4.0
201715903-王帅,有用啊对不学习的人来说简直就是..........救命稻草,5.0
mooc63477815857646267,知识点讲的不错，基本都涉及到了，但个人认为还可以把知识点讲的更生动些，多举一些例子。然后就是希望可以简单的讲一些习题。这门网课对我的帮助真的很大，给出4星的原因是我只能1.5倍速很快地过一遍，很多地方没有细细品味到。,4.0
夜Boymooc3,老师讲解的十分细致，但代码太少只理论很难理解,5.0
向音宇,受益良多。,5.0
IT屌丝达人,考研党，来看数据结构啦。。。,5.0
mooc1535268891915,救星！！！！！啊请求开课啊！！！！！！！,5.0
射狮射虎射天狼1991,完全念PPT还是严蔚敏的书，不适合没有基础的学，填空题巨坑，传说中连C语言OJ都巨坑爹的团队我佛了,1.0
向日葵和皮卡丘,老师赶紧开课啊迫不及待,3.0
mooc73506554890376920,快开课呀！,5.0
cold-flag,激动！！！考研党请求尽快开课呀！！！！！N人血书1/N,5.0
Angel琴mooc,希望暑假可以开课，查缺补漏了,5.0
美好的回忆ykt1541319043536,现在不能看吗？我6月考试了,4.0
武汉理工计算机类m1801,客观评价，视频像素太低，代码可读性有点弱，老师讲课有点也不用拎着教鞭对着镜子指想要指的位置，视频拖的有点冗长，另外习题和测试中有很多表述不够清晰，答案有点出入的地方。希望有高清重置连贯剪辑优化版的视频，有更加严谨的练习题，和更加美观的ppt，也希望老师讲课放轻松，大可像学校讲课那样，想象您面前人山人海的都是武汉理工莘莘学子。另外严的教材太过生涩，到处是伪代码，给人的感觉就像耍嘴皮子，纸上谈兵，但是讲课时应该通过简化和更加具体的代码，把内容更加清晰易懂地呈现出来。综上所述，3星。,3.0
回首摸,老师，开课呀，现在对知识的渴望地球都装不下了,5.0
mooc31638526594029807,老师救救孩子！！！,5.0
啵啾酱,救救孩子吧快开课,5.0
Oodi,老师，救命啊，啥时候开课？,5.0
想飞上天和太阳肩并肩mooc1,请问什么时候开课啊……,7.0
hwhhsu,请求组织赶快开课，谢谢啦,5.0
mooc85112736822551215,所以具体什么时候开课别是要等到下学期,5.0
mooc500026864175008,讲课方式清晰易懂，不枯燥，对学生很有帮助,5.0
mooc52951462129640977,老师讲的特别详细特别好,5.0
晓冬mooc4,老师讲课感觉很有耐心，声音很好听，讲的内容很详细，节奏很好。,5.0
mooc53526557754043639,。。。。。,5.0
Noonemooc140,真的很棒的一门课，只有c基础的我也可以听懂；MOOC里数据结构讲的和考研内容最贴切的一门课，对照参考书学习觉得很有帮助；希望老师快点更新；,5.0
mooc584148440489511,精炼清晰易懂,5.0
狐狸的夏夜,进一步充实对程序的了解,5.0
小胖子ykt1531818792563,你好你您咯咯咯咯哦里,5.0
美美美哒哒mooc67107257632774341,老师！快点开课呀呀呀呀呀，不过现在在放假，不会开学才开吧？,5.0
h13352735859163com,老师快点啊,5.0
我爸开心就好,求快点开课啊,5.0
戏骨清风mooc2,快点开课，救救孩子们吧,5.0
じ、夙愿らykt1535807034292,啥时候开课呀呀呀呀,5.0
mooc1495950340418,天啊啥时候开课啊！好想看,5.0
Luffe,请老师开课~今年考研~~~,5.0
STRIVEORIANA,还。还没有开课吖,5.0
mooc54429687484041247,求快点开课,5.0
飞ykt48288631105049111,啥时候开课啦，快开课啦,5.0
Monicorn,希望老师早日开课，救救孩子,5.0
追梦小子yjn,老师快点救救要考研的孩子们吧^O^,5.0
刘金祥YK08090517117,开课吧，救救孩子,5.0
青青子衿ykt1512566483644,啥时候开课呀，考研要用，救急呀，赶紧开课呀,5.0
伪文艺青年mooc2,等待开课中。数据结构要考了。,5.0
单车mooc57,老师救救孩子！！！,5.0
chase_Jae,通俗易懂，引人入胜！,5.0
Soulmooc738,陈越姥姥的课讲得通俗易懂，我自己看了一遍Sahin的书感觉掌握的不是很好，又来听姥姥的课,5.0
ykt1504070214515,好，就是很难，不好理解，得多敲代码多想多背,5.0
isasuke,期待下一次开课,5.0
蛇象,很好的课，陈老师真的很幽默！何老师讲得很详细！,5.0
狄二娃,讲得很好，重回大学课堂。,5.0
mooc72819175477508391,讲课生动活泼通俗易懂,5.0
mooc39310708382665654,超喜欢姥姥，表白！！！！,5.0
wpc1403s2163com,习题超用心啊，提示了哪些是“一定要做”哪些是有难度的，能根据自己的水平尽力而为，（不会因为题太难了打击积极性）,5.0
苏夜月ss,老师真的讲得特别特别好，很详细，通俗易懂，浅入深出，受益匪浅，感谢！,5.0
class5editdept163com,数据结构入门课，从暑假开始关注，赶在学校开的课之前完成了。收获非常大，作业题也很有挑战，老师的讲解相当清楚而且不失趣味。感谢两位教授推出这样精彩的课程。,5.0
accdca,老师好可爱哈哈哈，讲课逻辑很清楚，对建立数据结构整体概念很好,5.0
mooc1512546373322,棒！强烈推荐,5.0
曲瑾轩,非常好，感谢两位老师的讲解，受益良多。,5.0
bluemooc498,老师真的很好哦，讲得清楚易懂，而且两个老师都很耐心地为我们解答疑惑！,5.0
張mooc100,好好好好好,5.0
guasstu,授课真的是太好了，强推,5.0
谜题未解,课程很充实，课后还有习题巩固课程内容，很不错,5.0
心在远方001,haoping,5.0
H_Fun,老师很有魅力，课讲得很好,5.0
N丶S,课程内容好，老师讲的详细，能学到真东西,5.0
罗洁琳,内容非常的充实，重点在数据结构知识点的讲解，作业难度可以提高一点点,5.0
沐沐艾,很好，对我的学习很有用。,5.0
渭师院-田晓辉-171340086-岳虹先,课程很多！老师更棒！,5.0
QPromoteU,耿老师的课程，有一种柳暗花明又一村的感觉，之前的一些生疏知识顿然茅塞已开。,5.0
渭南师范学院-田晓辉-171340068-罗恒,经过一年的学习，我对c语言开始有了另外的看法，刚开始学习的时候我感觉编程很难，但后来想万事开头1难就坚持了下来，现在感觉越来越熟练，越来越有意思。,5.0
随风y,通过这么长时间的学习，我学习到了很多的知识，了解了很多自己的不足，老师讲的非常好，非常高兴能够和大家一起学习，一起进步。,3.0
渭师院-田晓辉-171340073-买佳棋,学习数据结构很有用,5.0
代站,讲的很好，听得懂,5.0
我是散散,非常好，适合初学者，课程深刻易懂,5.0
ArronWong,挺不错的讲的很基础,5.0
1711090131_马力,666666,5.0
胡≌超,很好的课程,5.0
马秀荣,喜欢每周的小结和习题,5.0
mooc1521453522155,没有平板上的app差评，其他还是不错的,3.0
1711090134方狄庆,666666666666,5.0
为君嫣然mooc3,更完整的理解了老师上课讲的知识,4.0
JEYMING,很棒！内容很仔细！,5.0
hollowme,内容深度不够，拿来入门比浙大版的好,4.0
蓝枫子,老师讲的很好，很有收获，不过有的东西还是得自己慢慢理解,5.0
沙子ykt1476625514654,教学目标明确，内容充实、正确，抓住了重难点和关键；教学方法适当，语言表达清晰，具有感染力，我学到很多,5.0
1730230317刘璠mooc96508100906118873,老师讲课讲的非常好，很容易懂,5.0
caiyu2211,老师说的非常好，很容易懂,5.0
木一天水,内容比较利于我们的学习,5.0
mooc46391798861924687,老师讲的很清楚,5.0
颜研呀,good、,5.0
暗影mooc17,我已出仓，感觉良好,5.0
18移动互联张龙,课程非常棒，讲授的内容也很好,5.0
moocwngyh,挺好的，不错,5.0
李瑞斯,真的很不错,5.0
mooc1499574935043,(0_0),5.0
信科刘伟杰最爱学习了,很强，真的很强,5.0
千龙勋,感觉学会了很多东西，提高了我的学习能力,5.0
大虞66,反正讲的我是听不懂,1.0
bupt18_1209_1021,很全面，很到位,5.0
zsa2430525640,不错，学到了很多知识,5.0
白日梦mooc80,可以，考试前听的,4.0
别安ykt8644973978559610,不错不错！,5.0
17双学位-050-黄子扬,老师讲得很棒！！,5.0
忆诺浅析,很感谢老师让我弄懂了困惑已久的题。,5.0
XE10,非常精彩！,5.0
sy1752119谭文博,老师讲的很细致主要是作业配套很全，难度由低到高都有，题目质量也很高老师还会耐心回答问题让我非常有代入感的慕课！,5.0
都察院左都御史,讲的真好！好过瘾！,5.0
Kallen_Xue,很清楚很详细当正课听,5.0
Leisuremooc24,虽然这门课有点难，但难才有挑战有深度。总不能天天水题吧,5.0
会说话的大兔子,老师思路很清晰，让我们少走了很多弯路,5.0
宝付支,棒棒棒！！！课程真的很用心，两位老师讲课都很细致。相对书上的，课程内容少了点，但是核心都已经在案了，课后还需自己补充一点。从讲课就能看出陈老师是个积极乐观的人，何老师嘛，大扎好，我系胡建人，哈哈。,5.0
我只是想起个名字,很好，如果可以提供其他语言的代码演示那就更加完美了,5.0
Luckystrikestudy,很棒，我正在努力学习。,5.0
MatrixLove,非常好！！！,5.0
tonysmark,陈越。。姥姥？是姥姥讲课？好开心有木有,5.0
MrHandicap,非常好，非常好,5.0
jstao_guet,课程非常好,5.0
不二不二啊,给陈越老师打call,5.0
mooc1489475507154,姥姥教的很好,5.0
mooc1502351401711,真的讲的好。老师还有别的课程吗？,5.0
ykt1451912267712,很不错，给自己加个油！,5.0
凡人不烦人V,超级喜欢陈越老师！,5.0
responses风与树,老师很给力，很亲切，感谢~~~,5.0
虚弱的猫,老师讲的非常好！,5.0
黑衫老幺,还行，就是不够生动，可以参考下新东方,4.0
xyten,挺好的呀，嘻嘻嘻,5.0
二师兄_MasterShu,很好，很喜欢，值得学习,5.0
冷学长,温故而知新,5.0
1562410321_bluebluesky,老师讲的很清楚，但是视频的声音问题很难受，希望之后能改善一下,4.0
糯米团子mooc25,挺不错的，编程基础差也可以学,5.0
骗子-先森,这还可以的,4.0
GTXTITANV,课程内部代码设计合理。计算起来也符合理工科的气息很适合学习,3.0
tiantangfeixuercsinacom,很不错的课程哟！,5.0
暴风天使,,5.0
黄森,老师讲的深入浅出，希望能通过西北大学的复试,5.0
一枚举止优雅的猪,全面详细系统的讲解,5.0
来包辣条提神,正式课程老师教授条理清晰还有课后作业趁热打铁不错,4.0
be华,老师讲的很好！,5.0
光电1716吴加隽,老师讲得很好，慕课里的题目也很有巩固价值,5.0
南信软件181班18082830107,老师讲的很不错,5.0
mooc46219675581984710,我觉得我学到了许多，有些没有在课堂上听懂的，在这上面明白了。,5.0
华科17-二学位-052-马明,课程质量高,5.0
双学位-060-申仁通,老师讲的很清楚,5.0
mooc30088847318920289,66666,5.0
WHU2016302360196,不知道在干嘛,1.0
17-二学位-61-薛东方,很棒很棒。讲的十分详细，很多不了解的内容一下子清晰起来了。,5.0
康小黑,666666666,5.0
美好的回忆ykt1541319043536,感觉讲的不清楚,3.0
怀念mooc122,课后习题少了些,4.0
凤三秋,老师讲课的内容简洁干练，理解的很快，点好多个赞！,5.0
静水流深668,讲解很清晰，适合初学者。,5.0
慕渐鸿,挺不错的，就是不够详细,5.0
诺坎普的光辉,666666666666666666666666666666666666666666666666666,5.0
mooc1532673405850,老师讲的很详细,5.0
寂静之声ykt1535020311046,讲课挺好的,5.0
mooc1536538170384,特别特别有用,5.0
樱木花树,让我的数据结构基础更加的牢固,5.0
17361782151,讲解很仔细,5.0
刘浩浩622727199710164410,讲的真好，非常好,5.0
软件工程系_梅傲雪,老师讲的特别有意思，逻辑性很强，很有代入感，学的很开心,5.0
信仰mooc195,讲的很不错,5.0
mooc1789779951131064,思维方式很活,5.0
鲁棒棒棒哒,感觉很不错，尤其是完成编程作业后的满足感，希望能坚持学完,5.0
西交2183321167池清宇s27g19x19,被姥姥圈粉,5.0
mooc3004374579767583,这门课很有用,5.0
imander,数据结构，姥姥，康康。,5.0
少年就应该迷茫,很喜欢这个课,5.0
m13515879639,讲的实在是好呢,5.0
忱辞t,我很喜欢这个课程,5.0
Believe-Myself,会认真学的。第二版的数据结构没有答案，有点烦0.0,5.0
指针mooc5,老师讲解的很清晰！,5.0
牛永洁,课程通俗易懂，太好了！,5.0
卡斯特梅的雨季mooc5,很棒很好很喜欢,5.0
onegain163com,陈越老师的讲解，引人入胜！,5.0
射狮射虎射天狼1991,必须要安利，姥姥虚心好学必须要赞一个,5.0
艾宾浩斯直线,6666666,5.0
mooc52435061753793660,有趣的老师。,5.0
mooc58764847425186630,我觉得还可以,5.0
mooc75435576702692152,讲的很好。。。,5.0
第386旅独立团一营长张大彪,666666,5.0
曲力涛,内容紧凑详实，建议先看看教材和PPT再看视频,5.0
mooc1534292638543,结构严谨但不够有趣,4.0
mooc58319290048453466,课程真的很棒，老师也讲的很深入和仔细,5.0
mooc79670312997265019,学习真的很方便，而且老师说的比较好理解,5.0
温州商学院-18计本1班-朱泽伟,老师讲的很详细很有逻辑,5.0
mooc53638894912913510,实打实的好,5.0
LLmooc697,特别棒的老师,5.0
2018190501027李天成,比教材内容少了一些,4.0
追风mooc148,很好的，不错,5.0
厢飘飘,嗡嗡嗡的味道温带地区,5.0
xxzhtw,内容丰富，思路清晰，例题详尽,5.0
玉师院2018906103杨力,老师讲授的内容很容易理解，知识点也能记住，挺不错的。,5.0
呆萌狗狗,华中科技大学这位老师讲的很棒,5.0
_stellaris,好课，老师讲的不错，结合实例能理解的更深刻美中不足的是课程发布时间跨度有点大,5.0
魂断殇,henhao,5.0
雷宁波,老师讲解的非常细致，课件做的也很清楚明了,5.0
RB201719154435朱元甲,haohaohao,1.0
m159083357791163com,很好吧，很向往的学校的课诶，在pta上面做题虽然过程很煎熬，但是做完了真的超级有成就感,5.0
fighthuman,老师讲解很好,5.0
ZUCC31803224沈科迪,认识了什么是数据结构,5.0
mooc48310573693467749,很好的讲解,5.0
三又木3,爱mooc,5.0
章鱼謌,很好很好很好,5.0
szpt17010218,非常好，学习了很多,5.0
201806021126张朔ZJUT,对于c语言一般的我，感觉略难啊,5.0
枫风mooc3,完美，就是有点难,5.0
mooc53740416800129130,非常好，是我的数据结构启蒙加深化课程,5.0
mooc2731570777914468,零基础小白,5.0
m15756390983163com,老师讲得太好了，容易理解,5.0
whu某某,讲的通俗易懂爱了爱了,5.0
安之以暧,浙大教授讲的通俗易懂，练习配套，非常棒的一门数据结构课程,5.0
moocAndyliu,陈越老师的课生动幽默，颇有风趣，讲解非常到位，使我对数据结构拥有了一个全新的认识,5.0
查无此人mooc98,非常非常强棒,5.0
mooc1535521786771,真是太好了，感恩！,5.0
清风笑07,老师讲的很好,5.0
mooc64732349692559479,比学校老师讲得好得好得好得多！超爱,5.0
SweetyTang52,姥姥讲的真好，思路很清晰，循序渐进的把我们带入程序的世界。很后悔，上大学时，没有主动学习，直到研究生生涯快结束了，才学习这些基础东西，但现在也不啊，感谢姥姥提供这么好的学习平台！！！,5.0
陈亚强6815,很好，通过这个学习到了很多！,5.0
晖mooc50,给老师大大的赞，辛苦老师了、,5.0
LSCLU,挺好的，就是课时有点少，讲课速度较快,5.0
未知未觉未曾想,确实明白了，很多知识。,5.0
中二女孩,喜欢李老师的课，您辛苦了，谢谢老师。,5.0
whu2016302360170,好难呀，希望老师能把概念讲清楚一点，多举一些例子，拓展拓展就更好啦,5.0
金水淼,内容方面可以当做预习，老师讲的很好,5.0
何慧兵,我觉得老师讲的很好,5.0
mooc48363709316397831,一直在念课本,1.0
应物1601李涛,棒棒棒棒棒,5.0
风起苍岚,哈市第七届和我我UCIQ我hi一,5.0
计算机162李藜江,觉得非常棒,5.0
宇落潇音,授课方式清晰易懂，内容安排严密得当，知识体系结构清晰易懂，若不是这个学习平台，我早已放弃了学计算机的希望，是它在黑暗与迷茫中拯救了我,5.0
肖子aiq韩,很好啊666,5.0
Smileykt1500262493504,简直是太好了，这是我最喜欢的课程,5.0
mooc1485010235340,老师讲的很全面就是没有字幕,5.0
真香警告者,不错，非常棒。,5.0
mooc76913636489648555,体验很棒，比线下授课方便，老师水平也很高,5.0
不是Chris的Chris,还可以，不过最后的题目没有回答以及解答，就无法知道自己对不对,4.0
树影世家,大学慕课免费，优质资源巨多，非常适合自学和配合课堂学习,5.0
mooc35254560183107044,真的很不错,5.0
墨染流年1008,n次报名了课程，最后都退出了，这次一定要努力全部学习完,5.0
木子MPH,非计算机专业路过，学了翁老师的C转过来学这门课，说实话翁老师布置的习题代码量不多，直接转到这儿真的有难度，我刚开始看多项式加乘的代码的时候都蒙了，根本想不到要写这么多，所以刚开始心里就有点抵触。这个课参加了好几次了，终于快学完了，希望大家坚持住，前面多磨一磨我觉得也OK，后面会越来越轻松的。,5.0
孟庆伦12160816吉林大学,经历了第八次开课的失败，我又来了，这50块代金券我要定了。,5.0
目ykt1485004434794,比我们个天天讲阿尔法狗，然后自己多牛逼看得懂代码，然后天天说菜，天天说这个都不会的老师不知道好多少，浙大牛逼,5.0
月已柳梢头,开始时一周一节，配合练习题效果极好，可是后来因为时间不够，匆匆2天看完剩下8章，只记得概念，完全不会实操，匆匆考试只拿了70，编程题一脸懵逼，只好继续踏踏实实做题,5.0
程舜-34320181150151,陈姥姥教学很幽默风趣，让人容易理解,5.0
学习很无聊,为什么都叫老师姥姥啊，我看她挺年轻的啊,5.0
晴天小旋风,讲的真的很好,5.0
UndownMoon,真的很棒，让我重回大学时代弥补大学时期没认真学,5.0
結城雪,很给力。。,5.0
心诚mooc6,课程非常好,5.0
唯星辰大海,课程真的挺难的，但是做作业真的学到很多,5.0
mooc44067308767716453,老师讲授的内容非常全面，讲解的十分透彻，值得学习。,5.0
婵落雾凝眸,真心不错，嘿嘿,5.0
子明mooc17,谢谢老师给我这么好的教学,5.0
我不管我就要叫埼玉,非常的好呀！,5.0
CPeony,试题难度够，讲解明了,5.0
山鲁佐德mooc2,课程不错！,5.0
mooc65287942668473522,陈老师和何老师讲的太棒了，我买了浙大的书来看，配合着书，简直不要太棒，由衷的谢谢陈越老师和何钦铭老师,5.0
来吧造作啊,感觉不错的,4.0
ykt1453713458610,GFFFFF,5.0
风轻花落早,老师的课件和讲解都很好，也很简练，时间控制的很好，就是内容相比其他学校的少了一点点,5.0
高连成,非常好，讲课认真，口齿清晰,5.0
硕硕硕ykt1513175276616,......,2.0
nice佬,这个平台很好，大部分国家精品课程开设得都不错，也有少数不怎么吸引人的。有时候因为学不来学校的课程，想着看这个平台上的相关课程学习，但因为不可能每门课程都去尝试去分辨优劣，所以有时候学习某些课程收到的效果不是很好。,4.0
mooc77342033370970468,老师讲的挺好的，很清晰,5.0
201516717_郑天昊,内容很全面，题目很广泛，课程很有意思..,5.0
bit-1120151757,非常棒，体验很好,5.0
HUST-CS1708-万谦,老师很负责,5.0
gootow,很好，以前没学懂的，现在还能学习起来,5.0
HUST-CS1705-幸思元,老师讲的很好，棒棒棒！,5.0
五月mooc223,老师讲的都是干货深入浅出听得时候自己拿笔尝试一下例题学习更高效,5.0
染缸,希望染发膏,5.0
物联网1701-杨易霖,还行，就是时间不太够。,4.0
信息L157-张许松-21,老师讲的非常不错，简单容易懂！,5.0
Alasiya,感觉很有帮助，但是因为名校课程普遍较难，课时较少，所以对于有一定基础的同学来说，mooc帮助很大，而对于小白，mooc就没有那么大的帮助了,5.0
望舒呀,师资力量雄厚，讲解清楚明白,5.0
mooc71376231050546681,123456,5.0
自动化72韩瑞2176122386SDLX,很好很好很好,5.0
18信息工程霍琴,全面，丰富，。,5.0
旧如之何,老师讲得很好老师也很可爱,5.0
薛劲这个名字都有人跟我抢,非常棒，老师们都讲的很好，深入浅出，非常适合像我这种跨专业的学生当做入门学习课程。,5.0
左建最帅,学到了很多东西,5.0
喵小苡,第九次开课到了最后一天，之前不知道有这个课，复习到图了，才开始听的。希望第十次开课的时候可以跟着把编程题做完，每天遛一遛数据结构哈哈哈。老师讲得真好，我当年学的时候怎么不知道这个慕课呢，哎~加油加油加油！希望今年考研成功。,5.0
mooc62043704773344474,感觉还不错学了很多东西,5.0
Broken_Soul,收获特别大,5.0
计算机182-于文湖,好好好好好,5.0
曾桂南,本课程很好,5.0
Kingdomer,课程讲的很棒,5.0
天天天天天哟,对我的帮助很大,5.0
mooc62362077436558778,这老师超级可爱(๑•.•๑),5.0
sxlijiahe,感觉到了学习的快乐,5.0
1811619-滕艾,讲的也太太太太太好了吧，求别关，靠这个过数据结构考试呢[笑哭],5.0
mooc26870331285404904,可以很棒，很多模糊的理解都清晰了起来,5.0
紫泉1,数据结构是个神奇的东西，很好,5.0
mooc40275447945052739,拼题A是一个非常优秀的操练平台。总体难度较高，非常适合聪明又勤快的同学。普通学校只要求“了解”即可，这里必须到拼题A做编程题到200分以上。,5.0
乄时崎狂三,可以多放点PAT实例,5.0
辰也恋风,老师讲的非常到位，让我理解起来更加的容易,5.0
Morbo,这是我目前最喜爱的一门MOOC。两位老师讲的极好，有问必答，还热心参与讨论，听他们的课感觉无比幸福。,5.0
韬韬不绝mooc1,老师授课超级棒,5.0
mooc1523352041765,很好，认真听就可以听懂,5.0
小于mooc1460693724762,经过老师的讲解和自己的练习对数据结构知识有了系统的了解，感受到了数据结构的重要性。,5.0
数值011871108罗文浩,老师讲的非常好,5.0
最美的期待mooc3,大学生快速学习的必备软件,5.0
华科CS1704许海涛,好哈哈哈哈哈哈哈哈哈哈,5.0
ysu170104010156,感觉还行吧,4.0
郭军儒,工作好几年啦，过来补课。,4.0
华科-CS1702-彭科银,内容详实，讲解清楚，讨论活跃,5.0
华科_CS1707_王占成,数据结构这门课程挺好的，让我学会了不少的数据结构，老师的讲解也非常的详细。在练习方面老师可以更加大力度，让我们能够编写更多更实用的程序。,4.0
华科_信安1703_李名扬,讲的挺好的,5.0
华科IS1703丁子然,很好很好，厉害厉害，最好是寒假课程结束之后还能再看复习,5.0
华科_is1703_白晓升,很棒，让我更加容易的理解了数据结构,5.0
隐形人LP,老师讲的很透彻,5.0
华科_IS1702_任家俊,题目太多了！,4.0
whcheers,课程很不错，老师教的很好，能学到很多东西。,5.0
搁浅灬mooc13,讲解的十分详细,5.0
华科_IS_1701_陈德庆,课程内容丰富，教学多样，很注重趣味性。教学与互动一体，感觉学到了很多！,5.0
华科IS1703王永恒,内容详细，老师的讲解也很到位,5.0
JarvisYan,课程偏基础，内容挺全面的，但是希望可以多一些题型的讲解，或是实际应用方面的知识,4.0
lhyhdu,老师讲得很仔细,5.0
大神别秀了,如果仅仅只有能熟练写代码，而无算法类基础，第一遍自己听课独立完成作业一周8小时应该是远远不够的。我觉得应该想办法尽量去跟上这门课，去认真完成每一道pta课后习题，在这个的基础上再去阅读下其他的经典的数据结构、算法教材，从不同的角度去形成自己的理解，纠正之前的一些错误的想法。课程中有疏漏的内容，也有错误，可以说任何经典的教材都有。不能觉得通过完成这一门课程的内容就觉得自己真的学好了数据结构。这门课老师的课程内容安排，选择都是很合理的，而且语言也是平易近人易于理解。如果去看严奶奶的教材，估计看书上伪代码都比中文解释好使。所以从这个角度说，我觉得这门课作为引导如何学习数据结构和算法是很棒的。,5.0
呉真,非常好，浙大的课程浅显易懂,5.0
mooc68909341300894860,OK加油很棒继续努力,5.0
武汉理工计算机类m1801,俗话说，好的大学没有围墙。这门课老师们不仅推掉了墙，还伸出无数绳索，引导暑假自学的大学生追求卓越_(:з」∠)_只能说，两位老师都是何方神圣，想必乃聪慧过人之智者,5.0
459mooc7,非常不错！！！！！！！！！,5.0
ykt55886365445210756,老师讲得非常好，受益匪浅!!!只是编程题目略微有点水了，基本上朴素算法就能过,5.0
mooc1536409921503,老师好可爱啊~,5.0
计算机校交201801刘静蕾HUST,老师讲课生动易懂，收获良多,5.0
mooc60033508347737706,很好，有感悟,5.0
伯煮棕榈,坚持啊！！！这么好的课一定要好好利用！！！,5.0
mooc75967939393537684,小白专场特别好！,5.0
晓风弄月似水流年,老师讲的很好，很仔细，让我也对以前不会的点弄懂了,5.0
NickoJow,这个老师有意思,5.0
Tchnology,很不错很喜欢,5.0
2016112119肖伟,比自己看书强多了，和别的课程比较起来，还是比较喜欢这门课的教学风格,5.0
亚诺ykt1501393450830,非常棒，收货很多，感想两位老师的精彩讲解,5.0
二吉他,非常棒啊A,5.0
soulykt41997890080364219,不愧是浙大,5.0
mooc60020189024572810,收获很大，老师讲课也很幽默,5.0
华科-IOT1701-段佳俊,优秀，很优秀,5.0
HUST-CS1703-范唯,非常详细啊,5.0
华科_IS1702_祝自强,好很有收获,5.0
华科_IS1702_左明鑫,对数据结构的认识加深了很多,5.0
HZAU2016307200724薛宜可,有些不够详细，测试题量有点大其他都挺好,4.0
mooc40359468497961964,学习有意思哈,5.0
华科_IS1702_黎勃翰,这门课非常好，对我的学习有很大的帮助,5.0
华科_CS1703_彭健,lalalalalal,5.0
mooc1526190266068,内容结构合理讲解清晰很不错,5.0
.ykt1521766917913,非常棒，很喜欢’,5.0
I-Hisen,结构清晰，有参考价值,5.0
华科IS1701杨宇虹,讲的很详细,5.0
紫恋笑,非常的好，讲的细致,5.0
吴森玲,讲解详细，逻辑清楚。感谢老师们带来的精彩课程。,5.0
唯Spirit,对数据结构有了进一步了解,5.0
HUST-CS1706-张佰鑫,无论是看课件视频或是做测试都能收获很多。,5.0
计170420174576罗旭,很好的课程,5.0
华科_IS1703_李可心,这个课开的太好了，对于知识点的讲解十分到位，深入浅出的把数据结构讲活了。,5.0
丶0386,讲课内容清晰，实用，充分！,5.0
华科cs1608李昕宇,课件好用，测试题目很好，对课后复习很有用。,5.0
100mooc103,很好啊，通俗易懂,5.0
ykt1515578518452,非常好。。。,5.0
wuyi5454126com,verygood,5.0
大帅本人,有作业，老师讲的很详细，很好,5.0
坏坏的感觉mooc,两位老师讲的特别好,5.0
科大计科163胡术宇,Hhhhhhhh,5.0
Tony21,老师讲解得非常清楚，课后的练习是有一定难度的，需要花一定时间去研究。总体上是一门非常好的课程。,5.0
Guritas,从一个初学者的角度而言，课程内容由浅入深，老师授课通俗易懂，程序图示化，显著提高了理解速度，配合pta的编程练习，加深了对相关知识点的理解。,5.0
名字不得为空,学了很多！,5.0
LZCWJSDL,我一定能掌握数据结构的！,5.0
mooc67304514874874423,还需要多努力学习,5.0
琴雁,真的非常好,5.0
关志强zju,老师讲课清楚明白，风趣易懂,5.0
S-A-N-S,好好好好好好,5.0
mooc51229117367401388,很好，感觉zju的这几门mooc课老师都很认真，让更多人享受到了优质的教育资源。希望能有更多优质的课程,5.0
NJUPTB18060533康世博,有趣生动。,5.0
Joy_Peter,内容充实，理论知识讲解还可以，题目很多，难度略大。。。,5.0
原来是你二,非常棒讲的很通俗,5.0
winter_coming,非常好，支持,5.0
枕草眠,有难度，但是也能真的学到,5.0
华科CS1702鲍一鸣,巩固了课堂内容,4.0
fighthuman,老师讲的很详细，感觉受益匪浅！！！,5.0
HUST-CS1701-彭文广,verynice！,5.0
chasinghopemooc,课程知识点讲解得简介明了，理解起来比较容易。只是题目太少，希望后面能加一些,4.0
HUST_CS1708_杜宇轩,李国徽教授授课很有逻辑，教学深入浅出，这门慕课课程对我的学习帮助很大！,5.0
mooc1536195655604,该课程内容充实详略得当，对本人学习帮助很大，我从中学到了很多有用的东西。老师讲课也很好给人一种很熟悉的感觉。,5.0
HUST-CS1707-陈思远,老师教学思路开阔，教学方法优良,5.0
华科计算机1708郑博龙,好得很么，美咂了,5.0
华科-CS1707-迪力夏提,内容仔细，讲解清晰，给老师点赞,5.0
华科_计算机1708_邬迪,我觉得这门课很有意思给我带来了很多思考！！！,5.0
CS1707-张傲,非常棒，很不错,5.0
HUST-CS1708-高敏,课程内容十分充实，老师用心准备，详略得当张弛有度，一口气学一单元不觉得累，我觉得收获很大。华中科技大学赛高。,5.0
就nm离谱,课程由浅入深，讲的很生动形象。老师解答也非常详尽,5.0
华科_CS1707_戚万磊,本课程十分有用,5.0
华科_CS1707_谢波涛,通俗易懂！,5.0
HUST-CS1708-蔡海睿,我们学校的数据结构网课给了我极大的震撼，这门课设计精致，内容丰富，结构严谨，老师认真负责，课后作业充实而具有锻炼我们的能力，很久没有上过这么好的慕课了，在上课的过程中我得到了升华，对于数据结构相关知识点有了深入而深刻的理解。希望华中科技大学的老师能继续加油，做出更多这样精致的慕课。Orz,5.0
HUST-CS1708-常宇航,参加MOOC数据结构课程可以在课下完成复习预习，另外不清楚的知识点还可以随时在线上提问，十分方便。,5.0
HUST-CS1708-潘为燃,这门课详细讲解了基本数据结构，逻辑清晰，值得一看！,5.0
HUST-CS1708-杨思庆,课程很棒的,5.0
CS1708-赵泽阳,这个课程太棒了，就是我要的那种。,5.0
黄鸿林,讲的很简单，感觉能听懂,5.0
Cloud_yan,我也不知从何说起，只能说很棒,5.0
晚风ykt1529925295160,66666,5.0
mooc50696677489393980,新鲜有趣，内容充实。,5.0
Tsundoku_,课程很好，课后习题对我很不友好！！！,5.0
赤灵梦,讲师讲述方法循序渐进，配套练习题也非常好,5.0
mooc57812223022377460,还是挺满意的,5.0
七分mooc30,讲得十分生动,5.0
Yeevy,非常好的数据结构课程，一步一步很清楚,5.0
17二学位_53_刘宜衡,讲的很好，习题很难，还给了很多代码对学习很有帮助，算是所有数据结构课中最硬核的了,5.0
原核生物hhh,还不错，值得上！,5.0
mooc64642770917489588,两个老师都讲得很好，陈越老师讲话很好听哈哈,5.0
我要学习了哦,讲的非常好，清楚明了,5.0
测控1801金甫蔚,老师特别好,5.0
胡一菲12138,浙大数构护我考研！,5.0
幸mooc51,讲的非常不错,5.0
隐光mooc,棒！强烈推荐,5.0
dawn3,henhao,5.0
师大18级63班201826203021,很有用，讲的也很深。，,5.0
似晴非爱,好很好很好,5.0
寇宇同,好好好好好,5.0
小青年小凯,感觉学到很多知识,5.0
繁英霁云,希望可以开展一些讨论小组。有一些消息回的不是很及时,4.0
mooc12376222637367894,第四章和第八张呢？老师,5.0
hust_cs1608_张芸浩,虽然还没有开始学习多少内容，但是通关前几章的学习让我很好地了解到了数据结构这门课的大致内容及其课程架构，老师的讲解也很详尽，在上完课看完书后再进行一次视频的学习令人受益匪浅。,5.0
IS1702_U201714883_蔡佳乐,课程很好很有帮助,5.0
华科信息安全1702王志红,课程安排的非常好，内容充实，使这门课程更加简洁易懂，老师讲解的也非常专业，让人受益匪浅,5.0
华科_IS1702_李仕昕,课程内容很不错,5.0
华科-IS1702-孙苡萱,讲的非常好,5.0
华科_IS1703_罗睿智,老师讲得很好,5.0
华科_IS1702_覃正,课程安排的很好，老师讲的很用心,5.0
连恺薇,讲的很详细，让我们更能深刻理解数据结构,5.0
华科_IS1701_U201714862_田博原,视频给了我很大的启发，而且可以重复观看，对一些之前认识不深刻的知识可以多次学习直至掌握，大力推荐。,5.0
HUST-IE1701-康洪源,课程治学严谨，要求严格，循循善诱，平易近人，例题丰富，使大家有所收获，教学内容丰富有效，课堂效率高，内容详细，使得大部分学生都能跟上老师的思路。非常nice的课程~,5.0
华科信安1703张士豪,数据结构这门网课非常好，老师循循善诱，将难以理解的内容讲述的通俗易懂，课后还留一个小问题供我思考，这极大的加深了我探索数据结构的兴趣。总之，我受益匪浅！,5.0
华科_IS1702_张杏林,课件多，回答及时,5.0
HUST-IE1701-郑霖,内容组织合理，循序渐进，易于进行整体的学习和理解。授课方式以视频和ppt为主，ppt可以使得学习效率变得很高。很棒的课程，强烈推荐。,5.0
fruitbird,课程讲的很有结构，安排很合理，对书本中的知识点解释得很通透，让我感觉完全听得懂，推荐给大家,5.0
HUST-CS1706-江晓峰,课程内容丰富，单元测试知识点很全,5.0
HUST-CS1706-蓝新欣,老师很厉害，课程很不错，值得好好学习，会大有收获。,5.0
mooc7938347029701667,不错哦，有用,5.0
mooc40485929022541470,虽然还没学完，但是课程内容是真的非常优质。强烈推荐,5.0
mooc9000520298018823,感觉还不错哦,5.0
m15890020361,非常好，可以系统的学习。,5.0
mooc64199949414281054,讲解清楚，举例到位,5.0
gadada,陈越姥姥！,5.0
山有木兮没有枝丶,明年接着盘姥姥的天梯,5.0
bingo1234,课程内容讲解的很不错，不过代码部分对初学者不太友好,5.0
Nullptr16893467,姥姥讲的很幽默，pta也是个很好的平台，课程也是真的超级难，越学越觉得自己太笨了，不过收获还是很大的,5.0
想去美国的银学生,讲解超级清晰，喜欢听,5.0
mooc79512941116865027,讲的就是好，希望浙大可以出更多的视频,5.0
mooc26085272344369214,让我学到了很多,5.0
工藤新一二三四五六七八九零后,浙大计算机科学与技术学院忠实粉丝！！,5.0
人山学海,太强了，何姥鼠铁三角无敌,5.0
mooc64299630373350157,学刻苦学习中,5.0
mooc65220138431629715,我感觉老师讲解简单易懂，生动有趣,5.0
fjkdlsa66fzu206,习题对我来说很有难度，有助于训练,5.0
b20150296,挺好的。赞一个,5.0
mooc58326728304937700,超级棒，能坚持学下去一定收获满满。（学啥都需要坚持嘛以前学的c语言都忘到九霄云外了，学这门课让我不得不把它捡回来...(马上大四的生物狗一只，现在才真觉得是，趁着年轻，多学点东西好啊，不一定要拘束在本专业，哎，早点知道这道理就好了（下学期选了何钦铭老师的一门通识hhh，能看到现场版的老师了嘎嘎,5.0
iiiiiInsane,老师讲的非常好，希望这次自己能坚持下去,5.0
被操控的都市,讲的很清晰,5.0
软件1711吴乾坤1702753119,总体还是不错的,4.0
HUST-CS1705-练炳诚,课程讲解清晰，知识丰富,5.0
最初mooc101,讲解详细，生动具体,5.0
梦中风几里mooc4,还行吧啊啊啊啊,4.0
没毛病no,挺好，刚好和实际课堂相结合,5.0
小树苗123456,课堂上听不懂的可以来这里看下，特别棒！,5.0
hust_CS1610_张无言,好好好好好,5.0
Clarenceykt1441537383297,打撒所大所大所大,5.0
mooc1481346271234,上课非常有激情,5.0
Lucius666,老师能不能把第二次开课不要那么早关闭，这样就可以不用等着更新后面的视频啦。,5.0
初戳戳,课程真心好！老师讲的真心不错！,5.0
ykt1508654339579,看半小时视频比我看七天书有用多了强烈推荐嘻嘻嘻,5.0
小黑子爱太阳,好棒啊啊啊啊啊啊啊啊啊啊啊啊啊啊,5.0
无为mooc126,可能是这门课程本身就比较难上，听着有点蒙,4.0
Qhappyeveryday,能清楚的知道一些小的知识点，特别好！,5.0
passengermooc12,老师很认真，讲的很仔细,5.0
Hmooc131,好课！！！！,5.0
mooc1507710529075,通过学习该课程，对于数据结构以及相关的算法有了更深刻的理解,5.0
重庆梦月,非常好不错错,5.0
蹦跶小钢炮,老师们讲课通俗易懂，练习也很多，是一门很不错的课程,5.0
烈焱火之积,老师的课很好，谢谢姥姥了！,5.0
忆mooc457,老师讲的很好，C语言实现，自己基础薄弱，学的也是Java，觉得课后题难度有点大,5.0
慕倾,陈姥姥讲课很有深度，何钦铭老师讲课很详细，见微知著。两个都是非常棒的老师,5.0
大鹏ykt1445520329049,非常有启发！,5.0
ykt1483241296232,有配套题目，很不错,5.0
skyhua,课讲得非常好！循序渐进，引导着逐步深入。老师水平很高，显然有自己很深入的研究，例子等都讲得非常好。全程高能，没有废话却又非常生动有趣。,5.0
孤独卐独自奋斗,很好，很有趣,5.0
噶哦ykt66025954798657262,真的好啊,5.0
SAquarius,讲的比较详细，而且讲课的示例很有启发性,5.0
mooc88070607937612102,通过学习，深刻理解了数据结构相关知识，以及程序的编写，受益匪浅，感受颇多。,5.0
陈昱欣,棒！强烈推荐,5.0
幺幺零D官方,很好很耐心就是挺难的，不是面对面上课，理解不是很容易,5.0
mooc72825478518811130,老师讲得非常清楚和细致，新手学起来很顺畅。,5.0
穆溪雨,非常非常好！,5.0
丶Nero丶,老师讲的很清晰、透彻，非常棒，讲课也生动幽默，很有意思，回答学生问题也很多,5.0
GodMessi,感觉开始的时候还是有点难的，但还在看，老师讲解的还是很不错的。,5.0
飘渺之邦,老师讲的由浅入深很容易懂举的例子也很形象引人入胜,5.0
月枫萧,知道了代码不是随便写的大神写出来的才特别的好看,4.0
mooc10549323741804363,课程设计非常好,5.0
mooc1497754565185,老师讲课非常到位，精彩！！！,5.0
非鱼mooc63,强烈推荐，非常有用,5.0
SEU-研54班-九-184505-周琦,其实是在复习本科内容，老师讲得真好,5.0
独家记忆是我,非常不错..学到很多,5.0
追光者724,挺不错的，要比看书理解的快一点,5.0
书架上的童话,挺好的，认真学习肯定会有收获，另外想问老师考研的时候能用java写伪代码么？,5.0
懒得取名哈哈哈,觉得老师讲得很好很详细。,5.0
阿瓦阿卡,Good!,5.0
小岳岳的胖搭档,老师讲的清晰，重点突出,5.0
162211301137,课程很不错,5.0
逆流付景,讲课有点快了，不过不是什么大问题，可以看回放,4.0
mooc1520986048729,这个学习平台很好，我可以很方便的去学习其他学校老师的课程知识，很感谢！,4.0
木心云影,课程非常好,5.0
AI2035,整体来说挺不错的，但是我觉得呀，每个课程学完之后，学习视频可以保留，不要关闭学习视频，让我们可以回看。,5.0
mooc1517559576461,很喜欢老师讲课，很生动，复杂抽象的问题都被老师的简单例子给解决了,5.0
天真已变成童话,可以侧重点突出一下，不然后面不知道那些会有用到。,4.0
小时瓜,老师讲的很详细,5.0
FModernMan,课余时间学点东西值得推荐,5.0
mooc1523015453646,老师讲课讲的很仔细，我了解到了许多我在课堂上没了解到的知识，很好,5.0
若虚nice,有所启发！,4.0
mooc86219847993522505,老师讲课很有逻辑，也给人很亲切的感觉,5.0
计科16_105_沃科峰,挺好的。老师讲得很清楚,5.0
渐染青春,老师授课水平很高，全面细节地讲解了每节知识点，帮我们复习了课上学习的内容，谢谢你们。,5.0
1802朱宇欢,棒，姥姥和何老师都很棒,5.0
枫火火,老师讲课逻辑性很强，深入浅出，为老师打call！,5.0
EVANnnn1996,授课思路清晰,5.0
SilkLee,老师讲的内容丰富便于理解,5.0
小迅丶,讲的很易懂配套的题目也很合适,5.0
祝我今晚梦见钱钱,讲得很好，比我们老师讲得好,5.0
A薄凉 如荷,自认为讲的不错，但建议多重复看几遍，多动手实现！！,5.0
蔡政15205140201,课程很好很棒,5.0
mooc82309644797424489,很荣幸能得到陈老师与何老师的指点。,5.0
许新刚,老师讲的非常好，希望自己可以坚持学下去，作为一个计算机小白，愿意付出自己的时间和精力，在这件事情上有所斩获！,5.0
乐青mooc,很棒老师很用心,5.0
小森mooc16,老师的课程通俗易懂,5.0
问剑天枢小庄,数据结构我也买了课本，现在还不在计算机专业，自学的C语言，跟两位老师学感觉真的很好，感谢提供这样一个平台，好的大学没有围墙！,5.0
ZUCC31801125刘渊琦,精彩详细，内容丰富,5.0
mooc76872631799310723,老师讲的很好！,5.0
HLmooc122,非常棒，很开阔思维,5.0
付百文,Good!,5.0
皮耶罗ykt1524202070541,通俗易懂、！！,5.0
胖妮子mooc,很好吼吼,5.0
XLUO,内容翔实，中规中矩。,4.0
1個模仿不了的男人,很好，学到了很多,4.0
通信1601赵文菁,真的非常有帮助,5.0
Re.ykt1480740987933,11111111111111111111111111,5.0
SeptYe,非常棒，但是希望能添加课后习题联系然后在后续的一期公布答案,5.0
少年丶已不再年少,讲得很仔细，之前学过，现在巩固一遍。,5.0
威少mooc8,学习知识很畅快，听不懂的可以再回去听，听完再做测试也算最好的复习,5.0
载我在我,挺好，老师讲的很精炼,4.0
竹喧mooc7,赞赞赞赞赞赞,4.0
mooc1522213655614,这门课程比较难，但是通过该课程感觉入了门，不错,5.0
llwlovewei,收获颇多，知识点很丰富！,5.0
bihuimin67163com,老师授课内容充实，逻辑清晰容易理解。,5.0
ふつ上善若水,对于自学计算机，准备跨专业考计算机研究生的我来说，这样的资源已经很满足了。谢谢平台，谢谢课程组的老师们，谢谢！,5.0
HustCS1610李秋莹,课程很不错,5.0
2-41,非常好的课程！,5.0
台风天赋,lcjasfhajkzjkslfadsg,5.0
Mgmooc76,这门课程涵盖了数据结构的重点知识，课件和老师讲解视频结合得当,5.0
无利不起早mooc,如沐春风啊,5.0
mooc1529582829344,非常不错很有价值,5.0
Jortanamooc50086025863422546,老师上课知识讲解真的很到位，原来学的稀里糊涂的数据结构现在清晰了太多太多！非常好！特别喜欢！,5.0
chenwen202163com,陈姥姥和何老师讲的特别棒，收获颇丰,5.0
落德达,很棒！老师讲的很好，有魅力。,5.0
这头鹿,挺好的但是我懒得写评论,5.0
和樱,这门课让我对数据结构有了初步的了解，大二上数据结构的时候讲到平衡二叉树就跟不上老师的进度了，没多久就放弃了。现在重新把数据结构捡起来，发现还挺有趣的~整个学期下来克服了挺多的困难，总算是学完了,5.0
WXJ98,很棒！支持姥姥！还要去考PAT！,5.0
ajz34,这学期前半在学习C的基础，也在做自己的项目；因此大约期末前一周左右的时间冲刺学习，拿到课程优秀~课程难度还好．老师对演示题目的讲解很清晰；并且在描述算法时，有充足的动画演示，便于理解．PTA的作业平台UI很友好．习题不算很难，如果使用C，除了像AVL的题目比较大之外，每个程序大概在50-100行；尽管有提示，但没有样例数据，因此即使习题难度适中但多少还是考验人．我算是半路出家，因为需要代码能力，也经同学推荐，学习这门课．尽管我还没开刷PAT，若冲着PAT来的话，我想这门课值得一上；但如果想提升业务能力，能独立完成较小的科学计算项目，恐怕除了语言特性、数据与算法之外，还需要学习不少其它知识．也许下一步我希望能参与辅以编程大作业的面向对象设计的课程．,5.0
漓院微,学习到很多知识,5.0
迷路的龙,何老师和陈越姥姥教的太棒了，深入浅出，简洁易懂，强力推荐~,5.0
mooc80977259689842915,很优秀的一门课程,5.0
原来是独虾城啊,谢谢教导~,5.0
DarrenMao,讲的非常好！,5.0
Jim_Sun,老师讲的很详细，也留给学生很多空间思考。习题难度不小，但都很有趣，做完会有成就感。,5.0
一路走到黑mooc,陈老师讲的太好了之前看了网上的都没看懂听她讲一遍感觉顿悟了,5.0
让三分,感谢两位老师,5.0
ZUCC31801295曹未,嗯...还阔以,5.0
mooc1521018919802,非常好难度大,5.0
All is wellykt1455414303411,内容翔实，充满干货，授课风格灵活诙谐，能够锻炼学生独立思考、积极实践的能力，如果能脚踏实地地跟随两位老师学习，专业知识方面肯定会有一个质的提升，为两位负责人的老师疯狂打电话。,5.0
codebitch,老师讲的很棒,5.0
20165105070陈舒雅,老师讲课很细致，就是考试和作业答案都有解析就好了。,5.0
凌虚mooc14,本门课程非常好,5.0
mooc1498122851373,老师讲的很棒，比我们学校的任课老师好得多,5.0
HZAU2016302201012唐天,学完这个我希望我能了解如何有效存储数据而且不挂科。。,5.0
mooc1499566200576,在这里学到的知识浅显易懂，而且图也很生动,5.0
3班_郭嘉宇_86,老师讲得很细很全面！,5.0
信息1603曹恩丰_许菲,好，我觉得可以,5.0
曾益晓一定会好好学习的,好好好好好,5.0
mooc1489148715783,很棒的课程，希望再详细一点,5.0
XMANKevinCheung,挺不错的内容,5.0
你让孤单更孤单,老师讲的很清晰易懂，但是做题的时候感觉还是有很多不懂。,4.0
乔灵灵,讲的很详细，很有感染力。,3.0
月色真美-人间失格,对于一个新生，该课程可以很好的帮助我了解学习计算机相关领域的知识。,5.0
mycoplasmasmooc1525621134251,老师讲的很清楚，也可以重复观看，有很好的学习效果。,5.0
hustcs1609宇骁,课程和测验的设计对学习和复习的帮助都很大,5.0
Yoran,本校老师的课~,5.0
黎狸嘉,很好，符合要求,5.0
1603-84-汪霖,讲解清晰，容易接受,5.0
加菲97,讲的很详细，听起来非常舒服,5.0
上课不穿拖鞋,很好的课，学了很多,5.0
我是一只傻狍子mooc1,不错，很好,5.0
41608025_王牡丹,老师太棒了！！感觉到老师的超级用心逻辑思维超级清楚，谢谢老师！,5.0
10140320107心理,非常棒，通俗易懂，学到很多,5.0
喜欢悠然自在mooc48178083943797330,老师讲解的非常好，编程作业也有很强的针对性，点赞！！！,5.0
zzzzzcom,讲的很详细，学了之后发现自己c语言学的太烂了。除了多动手，多思考，多做题，我真的不知道要怎末学了。做题做题，加油，zheda.,5.0
1往事随风1,棒！！！！！！！！！,5.0
武理钝初,老师教授的知识非常非常的精华，这门课真的是脑袋都想炸了，但是浙大的老师实至名归，讲的非常非常的好,5.0
留白ykt11861135215054309,讲得很细腻,5.0
running_Miss白,讲的细致，留的编程题也有详细的讲解，十分感谢,5.0
Solarash,excellent,5.0
mooc84666317937294312,好啊啊啊啊啊啊,5.0
mooc1488808259660,这个课程真的和不错，对于学习数据结构有了很深刻的剖析,5.0
一点儿也不萌的张志萌,讲的挺好的，但是和国外的经典课程还有一定的差距,5.0
PioneerOneLi,逻辑清晰，内容丰富，最好的数据结构课程，感谢两位老师在数据结构上的全力相助,5.0
Craftsman18,姥姥讲课真心棒,5.0
mooc1534564640493,我觉得自己在这门课程中学到了更多的算法，以及在C语言简单的基础上的进阶，还掌握了许多存放数据的方式，是大数据背景下的基础。老师上课生动有趣，视频与教材相结合，让我印象深刻。,5.0
等待你的命,里面的代码什么的教学很好，知识点的普及让我受益匪浅,5.0
mooc1510451864574,第一次听这课，拯救我的数据结构吧，救救我的期末考试吧[斜眼笑],5.0
段南青15205140106,内容很详细,5.0
王维振mooc1536799324624,该课程给我很大的帮助，让我学会了很多,5.0
1606151,非常有收获，可以预习也可以复习,5.0
hust温馨,每一节课都讲的很清楚明白！！,5.0
1601_27,知识点讲得很清楚，对学习很有帮助,5.0
ChinTsou,老师的讲解很细致，也很易懂，不过老师要是能设计线上编程题目就好了,5.0
Marzmooc1,很喜欢老师的授课方式呢。,5.0
电子1505刘晋通,12345,5.0
悟mooc172,棒棒哒老师教的超级好,5.0
帅的人已经在学习了,讲的很全面,5.0
Willjay,讲课清晰，容易理解,5.0
Ifmooc20,从中学到书本上没有的知识，但也产生了一些新的疑惑,4.0
齐淑秀,内容很充实，老师很负责，举得例子具有代表意义。,5.0
流_逝,讲的很好！！,5.0
mooc1508388245038,好好好好好,5.0
FaniceFan,课程本身就是抽象的，但是讲解的时候依旧还是抽象的，有时得听好几遍才能懂,4.0
欲扬先抑,课程进度合适，浅显易懂，讲解清晰适合入门,5.0
lulin606968,很适合打基础与应试~,5.0
mooc1519794578218,结合学校里老师讲的有更好的收获但是又有点不同,5.0
ppannyy163com,讲解的很详细,5.0
DiHd,嗯嗯，非常好,5.0
陶然然然,老师讲的很好,4.0
mooc11341717434956275,必须赞，讲地非常棒！,5.0
叶子文-15205150240,陈老师教的非常通俗易懂，何老师可以看出他非常的博学！,5.0
shiloh9898,老师讲的很好，很细致,5.0
Aang12,很好很好很好,5.0
尹浩杰,老师讲的很好注重实践与细节,5.0
飞的飞机,讲的非常好，希望这样的课程越来越多。,5.0
mooc56138122958374847,超级推荐的啊！,5.0
QHCX,与其他学校的课程相比，个人感觉更适合理解。,5.0
Elaineykt1442896047414,从理论到实践，收获非常大，在后续的有限的学习时间内要继续努力学习理论及编程解题。,5.0
彭娩军15205140218,非常好，继续加油！,5.0
ykt1513309205830,清晰，通俗易懂,5.0
阚辉,老师讲的非常好！！！！！！！！,5.0
听风mooc338,课好的没话说,5.0
学舌鸟,良心制作，绝对赞！老师们的课程内容编排合理，且通俗易懂！太赞了！,5.0
来自星星的黎,课程讲的很好，而且课后有基本训练来练习课堂上讲的东西，也有拔高题来促进思考。但是希望增加一些高级数据结构，比如B树和红黑树！,5.0
mooc77603644333479760,感觉非常好,5.0
Hello-my,整体来说课程讲的比较好，需要深入理解的地方老师也能详细的代入，但又不会让人感到累赘,5.0
放飞mooc57,很好非常好,5.0
此心安处是吾乡mooc21,非常棒了，老师讲的很有趣,5.0
UltramanWu,知识通俗易懂，很适合初学者学习，墙裂推荐！,5.0
曹伍军,老师讲的挺详细的，对我们很有帮助,5.0
胡雨飞,数据结构比较难以理解，而且他和程序设计有些区别，但是也有相同之处。总而言之，学习数据结构需要多多联系和阅读有关书籍。,5.0
阳光暖暖mooc,我觉得这门课程挺好的，老师讲的挺通俗易懂的,1.0
熏衣草的等待,授课方式很好,4.0
哒哒哒就认识了,视频清晰，老师专业，具有很高的可读性。,5.0
mooc1522858786915,李教授讲解的调理清晰、简洁，习题设计很好,5.0
Timelessmooc41,老师讲的很好，简单易懂，清晰明了，很适合喜欢计算机的同学学习，推荐,5.0
云纵北,很多内容仅凭口述实在太绕，对于没有基础上网自学的学生有些吃力。希望能在口述长串术语时，在PPT上配上相应解释性文字、动画或其他有助于观看视频课程的自学者理解的表现形式。,4.0
E嗯-,部分课程偏难,4.0
mooc1456921878545,我觉得老师讲的挺好的，很符合我这样基础的人。,4.0
zhenzhu2015a163com,课程讲的挺清晰的，但有的章节作业还是不怎么能够理解。,4.0
mooc1521977837162,觉得老师讲得挺好的,5.0
mooc1478507938178,很好的课程，课程设置很好,5.0
zhaojianru,老师讲得很好，但是应该再深入一点,4.0
殷芳亚,很好，非常有感触,5.0
懒散的驱壳,难度有点大，学起来有点吃力,4.0
时间在流逝ykt1444286,非常适合我,5.0
何红莲小可爱,好好好好好好好好,5.0
休斯敦27号射手,老师讲得很好但是速度有点快,4.0
亦菲亦林夕,老师讲的很好,5.0
不要妄想把我批判,授课不错，虽然没有跟着课的节奏走,5.0
A咖mooc13,很有用的课程通俗易懂,5.0
mooc25250813544168717,一口气听了近60min，感觉充实收获良多又欲罢不能，观点往往简介彻底不同凡响，还是休息几分钟再持续daydayup,5.0
Helen666,这个老师很可爱(๑•.•๑),5.0
SnailPro,老师讲的生动形象,5.0
ZUCC31801067厉潇禛,生动形象的阐明各种抽象概念,5.0
网爆红人的歌声,通俗易懂，推荐,5.0
mooc54xb,感觉浙大的年轻教师都很棒很有活力讲课很有趣（就算小白代码不会写也听得很开心怎么破）！表白陈越姥姥！,5.0
JSXY166709029黄旭明,真的挺好的,5.0
翁斯坦君,老师讲课的内容非常吸引人，有趣不会枯燥乏味，同时也能将知识点很好的传达给我们,5.0
mooc1479902072912,非常好!!!,5.0
计算机1802梅景添31801120,很喜欢这种方式,5.0
mooc54422231198913716,完美无缺，太棒了,5.0
mooc39570056689794258,有很大帮助,5.0
mooc79580540233546990,棒棒棒棒棒！！！！,5.0
长风莫忘,很不错讲的很易懂,5.0
kguazju,对数据结构有了更深的认识，OJ非常棒,5.0
好想知道,非常好，学到很多东西,5.0
最上雨树,老师讲得很好学到了很多！！,5.0
mooc54787586251472478,科目很棒学到了很多,5.0
周木根bit1120152487,由于考研才看的视频，老师重在给与一种编程的思想，而不是一种应试,5.0
马龙mooc8,给了我努力的方向,5.0
即使弱小也能取胜,goodgood,5.0
嘉里河,我是打算考研之后才重新看慕课的，内容比较浮于表面，授课形式略显单一,3.0
栩mooc12,NIUHAO,5.0
mooc1506153281181,老师讲的很好,5.0
hust_cs1607_张承万,很棒，帮助我们巩固知识，线上线下教学的结合让学生能够根据自己的实际情况进行有针对的学习，再也不怕因为课堂上没听懂而进行苦逼的自学了,3.0
不期而遇mooc48,讲的很详细，很好。,5.0
argunriver,老师讲得非常好，希望能够去华科读研,5.0
南鸢mooc11,不错，挺好的,4.0
microninee,好好学习吧，讲得很好,5.0
所谓的记忆ykt1461838759095,算法讲解的浅显易懂。,4.0
暴风天使,9999999,5.0
wpmmooc,老师讲的很棒，想要下载课程的ppt，不知道有何方法不。,5.0
mooc1480078025788,还是太抽象,3.0
10856721,真的很不错,4.0
mooc1487820088167,如果老师在讲解过程中加上一些操作运行会更喜欢的,5.0
歲月mooc4,很好就是练习题没详细答案甚至没有,4.0
mooc1521090555407,还是挺不错的,4.0
西窗听雨mooc1,讲的十分详细，希望收获更多，希望老师加快进度,4.0
初尘cott,非常非常好,5.0
Name_null,666666666666666666,5.0
mooc55780189570466126,学到惹！~,5.0
王艳虎,老师讲的很清楚，很受益,5.0
狗富贵也有人取真的6,nice呀,5.0
1810780_苑华莹,老师讲的通俗而严谨，可以听懂并领会关键点,5.0
大大邹,学到了很多,5.0
walkingsoul,讲解的很好啦，要是能有一些编程作业的好的算法示例就更好啦,5.0
Bella晓枫,课程非常棒，老师讲解的也很清楚,5.0
零星时间,老师讲的特别好,5.0
流金岁月mooc29,老师讲得通俗易懂，让人听得层次分明，有条理。这对我们学生来说是极大的幸运,5.0
mooc78464264562979406,学的挺开心，吗，梅市口路卡卡卡卡老漂亮了，；‘可KN看看你看，没看N’,5.0
mooc77337733659768702,学习很有收获,5.0
日月与星辰,老师讲的诙谐幽默，深入浅出，生动有趣。,5.0
凡嵩,来MOOC之后看的第一个课程，然后就喜欢上了MOOC这个平台。,5.0
宋宪,让我跟深刻的理解了数据结构的知识点，陈老师与何老师讲的深入浅出，墙裂推荐！,5.0
夏有凉风8,真的非常好，深入浅出,5.0
somessii,最喜欢通过例子讲解知识点,5.0
mooc53733142833090050,好好好好好好,5.0
r18,老师讲的很好,5.0
2046mooc2,理论讲解与实例相结合，简明易懂。,4.0
mooc1520924621070,666666666,5.0
海马儿,看了一部分才，多看一会儿再来评价,4.0
lunny77,老师讲的速度符合预期,4.0
王德宝11,老师讲课风趣，很有意义性，超级喜欢老师！,5.0
mooc1520466163220,很棒，老师讲的很详尽,5.0
梁子mooc5,老师讲得很具体很全面,5.0
道之所存-学也,老师讲的不错，通俗易懂，不愧是大师,5.0
苏乞儿ykt1470481594647,非常不错。讲的有点深度,5.0
东方梦想程序员,很好。。。。。。,5.0
江安神藕,很好，工作了补下课,5.0
MichelleW4,上学期的必修课，拖到了这学期来慕课看视频o(╥﹏╥)o我的求生欲也是很强了…,5.0
HHao玥Yue,老师讲得很好,5.0
徐宸,这门课程不错。,5.0
倩倩小仙女,复习大学所学知识,4.0
回想之后,比我老师讲的更好,5.0
因为知足接近幸福,真的不错，老师举例清晰，能让人理解得很深刻,5.0
跨越时空的爱恋,还不错，值得一看,4.0
5P90RushB,老师讲得很棒,5.0
mooc1484444983530,额，我才刚开始看呢,5.0
扶疏520,课件。视频，课后习题都设置的很用心，紧跟节奏一定能学有所得！,5.0
mooc79761395329101260,讲的非常好,5.0
弗拉基米尔-兹沃尔金,wdnmd，上课不好好学，还好有这么好的网课能够拯救我，谢谢两位老师！,5.0
正在努力yuanhhnn,很好的入门课程,5.0
FreeToFollow,棒！强烈推荐,5.0
Degg0416,老师上课深入浅出,5.0
星空mooc152,课程内容丰富，讲解明细，十分清楚，可以让人更加深入地学习。,5.0
mooc1521183447932,深入浅出的讲解很清楚,5.0
胖大海mooc49,内容跨越有点大，没有一点基础很难懂,4.0
DonCorleonel,很好，非常适合我,5.0
Sunshine____cisco,浙大的课程还是有难度的，有时需要暂停下来去想，可能C学太久了的原因，慢慢来吧，加油,5.0
mooc8558790014049584,好好好好好,5.0
LSZ_1651088,我喜欢这里的老师和课程！,5.0
zucc31801099yqq,太棒了，内容详实，老师讲的仔细,5.0
mooc79043575707181620,讲解通俗易懂,5.0
所有好名字都被取了,太棒了，学到很多,5.0
不二丶卿,真的好难啊真难学！！不过我会加油的而且有这么优秀的老师教我加油,5.0
杨YYYXY,很棒帮哒，通俗易懂，不过题目还是有点难度,5.0
蓦然回首89,课程内容丰富，老师讲述也深入细节，学到到很多的方法思维，技巧，从个人感官来讲，可能会更喜欢陈老师的讲课方式吧,5.0
17635854280姓名呼雪雪,很详细讲的,5.0
mooc1474460738399,还不错66666666,5.0
华科CS1601刘本嵩,23333333333333333333333333333333333333333333333333333,1.0
Sparkliang,好，逻辑清楚,5.0
助教汪仁杰,给华科的教师团队点个赞！,5.0
Melon～～,还可以就是内容讲的不是很详细，只是一笔带过,4.0
李sirykt1456752928341,对数据结构的理论学习还是挺不错的，不过希望像kmp，最小生成树，最短路径讲的生动点。,4.0
Turing___,李老师讲的很不错，对于我跨专业学习很有帮助，在短时间内帮我架起了数据结构的知识体系，感谢李老师，,5.0
一只单身12138,老师的讲课虽然讲的比较简单，但是课后还是要花不少的时间去复习，并且最好是结合教材来看才能更加深入理解,5.0
mooc50874215733044075,老师讲得灰常清楚明了，初学者接触起来感觉良好,5.0
mooc88159564339391510,老师将复杂的内容讲的通俗易懂解释的非常详细！,5.0
WJJC079欧一鸿3180104754,编程题还是挺有挑战性的,5.0
6002316012ncdx,课程不错，教学水平很高，不过我个人感觉难度偏大。。。注重知识点的讲解，却缺乏过程的剖析，让小白觉得很自卑啊（是我太菜了，跟不上节奏）我还是建议有基础的人通过看这个慕课来复习与提高，初学者还是建议跟着比较初级一点的教程吧,4.0
mooc16353059433305939,对比了这么多优秀大学的数据结构网课，还是姥姥的课讲得即清楚又有挑战度，太完美了。,5.0
mooc52782938793899779,课程内容很充实,5.0
wen-zonghui,很好，感谢！,5.0
NCU_CirclePlan,对数据结构和算法的学习理解有很大的帮助，感谢老师们！,5.0
尔虞我诈乱斗,goodgood,5.0
朕这脾气,讲的很透彻哈哈,5.0
xiemelite163com,来听听比较好的大学的课程提升一下自己。,5.0
谢泽龙超爱学习,拼题A棒棒,5.0
张景雄,内容很好，可以学很多，但是有点偏快,5.0
WANGmooc764,老师讲课内容生动有趣，条理清晰，易于理解,5.0
peiyuanma,小白专场十分好！让我在编程方面有了不少长进,5.0
gdptf,课程的难度由浅入深，是个很好的课程,5.0
软工04张巩帆,很清晰的讲解了各个结构的特点和细节,5.0
SIGMA711,还行还行吧,5.0
浪够了没快回家跪,好的就觉得,5.0
浮宫魅影ykt1530409291147,老师讲的好好，例子都很通俗易懂，喜欢喜欢,5.0
fengyr,非常棒！受益匪浅,5.0
卫斯理mooc12,老师讲的很好,5.0
xingpz2008,老师很不错,5.0
焉得谖草不在树背,内容丰富，讲解清晰，反正很nice,5.0
努力上岸啊,准备跨考浙大，算是很友好的课程了,5.0
_stellaris,课程略有难度，通过课后的练习理解的十分深刻,5.0
王天宇啊啊啊,老师讲得很仔细,5.0
恰同学少年study,感觉原来不懂的知识，经过老师细致和生活中贴切的举例，很好地理解了。,5.0
青丝玄墨,挺好的，没有建议,5.0
以成,老师讲得清楚、明白，认真跟着老师学习一定有收获。,5.0
何_处惹尘埃,666666,5.0
鱼在我这里2019,非常好，帮助很大,5.0
m15574917010163com,讲课方式很有趣，也很容易理解，非常好的一门课程,5.0
vipcuiyang,good赶紧更新，等不及了,5.0
CHINAScuer,视频配合教材一起，真的只看书不太能懂抽象的知识点,5.0
CelesteLiu,老师讲得很生动，从浅入深,5.0
鱼得水mooc2,刷第二遍了，读书百遍，其义自见,5.0
mooc53743498323088512,laoshijiangdehenhao,5.0
WHU2018302080227,课程安排比较合理。,5.0
0pg-one0,老师讲课方式幽默风趣，同时又深刻易理解,5.0
杳然Sean,太棒了，比听系主任的课生动有趣多了！,5.0
彬光,不是科班出身，对于一些公式不懂，所以在算法上比较难下手，希望能在讲课的过程中稍微提及下公式,5.0
yycmooc6,姥姥很棒诶！就是编程对初学者还是有点头大,5.0
mooc74371102877630778,第一次听浙大的网课，很棒,5.0
hznmzh,老师讲的很好,5.0
时小,老师讲的超好！,5.0
mooc54160953221382583,越发感觉自己是学渣,5.0
m13029701186,整体课程老师讲得挺好的！,5.0
Sirius_Chen,老师讲的好好,5.0
此间的少年mooc12,很生动的课程，由浅入深，很容易理解，精品之课！,5.0
mooc44751536772065664,讲得清晰，明白,5.0
XIAYImooc,老师的知识引导做的很好，而且内容讲的也很详细，让人在学习中很容易理解到知识点的内容。,5.0
jam千寻,授课方式合适,5.0
G_Rose,老师上课很有趣！可以学到很多东西，推荐！,5.0
072171王璐尧,老师讲得真的提起了对这个课程的兴趣，讲解也很细致，赞!,5.0
Pecoro,老师很可爱，讲的也很浅显易懂,5.0
只影孤狼,还不错哦哦，比自己看严老师书好一点,4.0
mooc54159812464976445,真的棒!!,5.0
ZUCC王傲然,陈越姥姥讲的非常好,5.0
MengHua0416,66666,5.0
PaulWalkermooc1,老师幽默且优秀,5.0
赵兆昭ykt1531529527589,老师讲得生动有趣，很好懂,5.0
mooc63558666349147135,受用很大的,5.0
谢菲尔德数据科学龚子轩,陈越姥姥，风景这边独好。,5.0
Acoccus,老师讲的深入浅出,5.0
宁波基哥,好很好的的数据结构教程姥姥很幽默,5.0
mooc53832749296584157,姥姥还是有很趣的。,5.0
ykt15189925499092413,老师从浅入深，将什么是算法娓娓道来，受益匪浅。,5.0
Supuo,讲的非常棒!,5.0
mooc1521108925857,老师讲的挺不错的。,5.0
mooc1520235342940,老师挺幽默的，能把这么枯燥的理论内容讲得很生动实在不容易,5.0
姜有亮,老师讲课内容很清晰,5.0
mooc1495597950604,浅显易懂，好课，开阔视野和思路！,5.0
yyhzxcvbnm163com,讲得很仔细，赞,5.0
微风余乐,老师讲的挺好滴，感觉说话让人特舒服。,5.0
mooc65416858315203931,可以让我跟上学习进度,5.0
计算机1603-311609000911-马星辉,这是我听过的最好的数据结果的课程，学到很多东西,5.0
jdq8576,很棒，老师讲的很仔细,5.0
淡定的猕猴桃,讲的很好，但是比较难,5.0
红萝卜nun,感觉很好11111111,5.0
Raccoonnn,好的好的好的,5.0
mooc83820282157527315,非常不错，学到很多,5.0
乐风派华,很好的课哦，好好学习专业课吧,5.0
Lysias,Verygood.MuchbetterthanIthoughtitwouldbe.,5.0
PhantasyPi,课程内容安排合理，老师讲课生动幽默，课程中插入的讨论和练习非常能够启发学生思考。强烈推荐！,5.0
蓁蓁38324,super棒！！推荐推荐！,5.0
mooc48550744029660194,有点难，要更努力才能跟上,5.0
mooc43454405171511530,喜欢姥姥的讲课方式，轻松、形象、易理解！一直很喜欢浙大，高考没考上但考研一定要去浙大看看！,5.0
武汉工程大学小明,非常好，很及时,5.0
mooc77224258032434117,老师好有趣,5.0
suiwotong,受益良多，正在学习中。,5.0
你拉我做咩嘢啊,除了开头第一节对萌新不太友好，后面的内容都容易理解,4.0
mooc1533189865935,能学到课堂上漏听的知识，以及一些学习需了解的知识！,5.0
sssssssr,我很快乐：）虽然其实真的学的很痛苦，但这是我的目标，那就会去做。老师讲的挺好的，简单易懂，讨论圈里还有很多巨佬,5.0
NJUPTB16111714王远帆,老师讲的很形象很不错,5.0
MIXALER,陈越姥姥的课还用说，那肯定是超级棒啊,5.0
ykt1484487187764,真的喜欢陈越老师,5.0
mooc84255488032976849,好看就完了,5.0
谢宇王,很生动又能动手,5.0
zut2018czb201819144410祁平杰,很有启发，从中学到了许多,5.0
王大爷ykt1524989177596,讲的很基础，不错,5.0
mooc1516771304108,期待开课，我一定好好学！,5.0
秋刀鱼的喵,期待开课！,5.0
3170302021,很好的课程,5.0
LittleWei,非常非常好~引导作用很nice！讲解清晰！,5.0
MobiusLeo,特别好详细老师上课流畅,5.0
18大数据一班薛澜,好HHHHHH,5.0
mooc43203473047496388,讲的挺好的，就是没有课本，光听不利于复习,5.0
沐子庭,逻辑清晰，循序渐进,5.0
Titaniummooc66,老师讲的条理清晰，很棒！,5.0
WHU2016301020090,姥姥很可爱！,5.0
wangyihao_Harry,讲得很细致，很棒！,5.0
mooc1477016424069,老师讲得非常好。,5.0
tjlxl1851201,太棒了啊啊啊啊,5.0
大头和尚,学习中，谢谢提供这样优质的课程！,5.0
mooc50708552808626874,讲的很好,5.0
angelove76126com,课程很有帮助,5.0
mooc1507209489782,好，非常好，十分好,5.0
广东工业大学_grassinlife,真的精品，不过难就是了;可能看完后还要花几个月练题目才能熟练。,5.0
knowledgemoocher,非常不错！nice,5.0
晦涩的语言,听的开心~,5.0
HIT1180300522王玮赟,讲课逻辑清晰，内容丰富,5.0
这么痛的回忆,很棒的课程,5.0
TringYNU,感谢姥姥带来这么好的课程。,5.0
ALionofcat,如果我数据结构咩挂科都是老师们的功劳谢谢你们！！！！,5.0
stay_hungry_stay_foolish,有些难度，提高自己！,5.0
LitBeetle,老师讲得非常生动，易懂，课程设置的作业也很有帮助~,5.0
能有几个人心是真的,既能学到基础知识，又接近实际地编程，挺好啊,5.0
由自己，有想有行。,非常好的课程，讲的十分的详细，对于小白也十分的友好不需要什么功底就可以听懂，但是还是要动手实践,5.0
天临近明ykt1430463513866,非常的好，特别是小白专场，讲得详细又清楚，懂得抓住重点，希望出一个系列的计算机课程。,5.0
CQUPT2017212397,喜欢这个既全面又能听懂的数据结构,5.0
mooc40002024839155505,好好好好好,5.0
杨坤mooc18,老师讲课非常细致，深入浅出，讲课节奏也非常好，非常感谢两位老师的课程讲解，目前还在学习中，强烈推荐,5.0
9Found,66666,5.0
ykt1491806708818,讲的真不错，谢谢mooc平台，如果系统学习完，老师能补充一些实际工作中应用的场景就更好了。,5.0
光电1819贺作舟,挺喜欢这两个老师的讲课模式！！,5.0
Jamie006,老师们讲的都很清楚，也很细致。对于没什么编程基础的我，听起来也不会吃力。何老师讲的比较细致，陈老师讲的比较精炼。不过说实话，何老师讲的都能听得懂。但是陈老师讲的有些概念比较口语化，说的比较泛，有些听不懂。,5.0
abudei,这个课程很不错呀,5.0
mooc1535090131636,清晰易懂特别好,5.0
equnee,讲的真好，谢谢老师们,5.0
曾丽松,老师讲的很好很用心感谢老师,5.0
周雅婷i,老师很优秀，讲解生动详细！,5.0
小丸子xwz,通过这门课学到很多非常感谢老师,5.0
mooc74338021583385430,爱上了，讲得太棒了,5.0
A1Jun,很棒的课程，两位老师讲的让我很感兴趣，一直坚持到学习完毕，顺利的完成了课程考试，在这里感谢下两位老师。,5.0
风青衣,很好的一门课，C实现的还没来得及细细研究，回头补上,5.0
HuThomas1118,陈姥姥讲的很好，进来晚了，很多题没有做，继续加油吧,5.0
mooc15735159402,肯定是最值得推荐的慕课了，老师讲课生动幽默，作业很丰富，学完收获很多。,5.0
mooc1494427224228,十分有价值的数据结构课程！,5.0
墨飏韶年,课程逻辑思维很强,5.0
ccneko,难度大，但老师讲得非常容易理解，循序渐进。我是在期中考前一周才开始学的，赶进度真的是榨干了我的身体。虽然拿到了证书，但还有很多东西没掌握，得再花多点时间重新学一下才行。,5.0
曾睿民,会给很多伪代码。数据结构理解很关键，但是能写出代码实现应用更关键。,5.0
雷锁心镰,感觉课很棒，但是对我来说讲的有点快,5.0
时过冬末,获益匪浅，老师讲的很生动形象，题目都富有挑战性，可以实践上课的内容,5.0
也这,课程难度较大，题目经典数量多，对数据结构的深入理解有很大的帮助！,5.0
C5班20171101054,棒！强烈推荐,5.0
xanderd,讲的很到位,5.0
银镯子mooc2,老师讲的很清楚，听了真的明白了好多,5.0
xzxzxznp,老师讲得很好收获很大,5.0
sonAspy,姥姥的课果然不一样～,5.0
DaPGe,现在做编程相关工作，之前不是学软件的，学了之后帮助很大。,5.0
lovecat,课程老师讲得不错，不愧是国家精品课程，在工作上也能用得上,5.0
AllThatYouNeed,挺好的，学到不少。,5.0
绮韵一梦,怪姥姥的课很好，期待下一次开课,5.0
t1131204984163com,感谢老师们的辛勤指导。,5.0
breaker,MOOC上最好的数据结构与算法课程。,5.0
ykt1500882609952,本人在coursera上了很多课，这是第一个在中国mooc上的。强烈推荐，完全不逊于外文的课程。,5.0
EvanCmooc1,这是自己第一门在mocc上获得的证书，希望今后能继续在慕课上学习下去！,5.0
代时飞,课程比较难，但是非常有收获（nopainnogain!)。学完本课程会对算法的学习打下坚实的基础,5.0
597511220qqcom,课程练习十分重要，pta里的习题很丰富,5.0
九千绮罗,讲得非常好,5.0
myhorizon,学习一门硬骨头的课需要有人带才容易坚持下去，非常感谢陈老师和何老师的讲解，学完本课程只是开始，要精通算法继续努力看书吧,5.0
mooc63636253343002691,收益很多，谢谢老师,5.0
mooc1536657981097,老师讲得有条理，而且有相关的练习题，对数据结构能学到很多,5.0
Shalashaska,吼啊！！！,5.0
残忍的angel,强烈推荐。,5.0
breatheykt1435657062701,好！真好！真的好！,5.0
学习的样子,很好学到了很多！,5.0
Crist丶,lalalalala,5.0
mooc39966487757048897,讲得很好，值得学习,5.0
幸不辱命阿,非常详细的课程！大二已经上过课程，然而再听一遍收获还是很多，考研党也很适用哦,5.0
苏凯荣,符合教材需要，每章都讲的还行,5.0
mooc1527740122053,很不错很有收获,5.0
mooc1536328847855,挺好的真的，挺好的我觉得真的挺好的,5.0
kjbil,非常好对新手帮助特大,5.0
Wushes,非常喜欢两位老师。讲解生动有趣！不过感觉学起来有点难。,5.0
duanxzyuan163com,老师讲的很细，内容配合例子也很易懂，就是Floyid的算法没有例子。,5.0
52datastruct,超级赞！！！,5.0
ykt1504448122068,课程不错，值得学习,5.0
ltblog,讲的很详细，谢谢浙江大学老师们。,5.0
C2班20171101037,我很庆幸能选择这门课，我通过这门课学到了很多,5.0
袁凪炎,狠狠地补习了一把树和图，非常有帮助,5.0
mooc1529765854782,是学习计算机的一门很好的课程。,5.0
GoodTsing,我乡土小野一名，正规的只听过清华严老师的视频课，陈老师和何老师这是第二次正规听课，讲得非常好，内容我能听懂。我现在的惟一疑问就是：谁是姥姥？陈老师还是何老师？有个什么梗？我想听听，谢谢。,5.0
mooc_mollyjiang,内容详细，思路清晰。很好的帮助了我的学习！谢谢老师们,5.0
X3222,学习了很多新知识，以前的一些问题结合起来想也豁然开朗,5.0
不如诗ykt1502364770402,老师讲的很细,5.0
shuyang812,媲美普林斯顿算法课程。,5.0
langwangsong,两位老师讲的非常好，十分感谢,5.0
艾加加,上课风格很好，练习题设计非常用心,5.0
RepublicCode,棒！强烈推荐,5.0
ykt1489110004367,真的很用心，特别谢谢老师们！！,5.0
EHDE,老师讲得非常好,5.0
吃薯条咩咩,可以多一点课堂练习,5.0
zengkun1997163com,这课非常好！,5.0
王晓慧1999,棒非常的棒,5.0
ivan9161,老师讲的内容浅显易懂，点赞,5.0
Chapter_,两位教授讲的课都非常的棒。我主要从三个方面说一下，首先是内容组织方面，难度稍微大一点或者内容较多的都会安排两次课或者三次，可以有较充分的时间去消化知识点并且在编程过程中熟练的去运用；授课方式上循循善诱，在一些关键的地方通过提出问题的方式让大家主动思考，而不是一味地填鸭式灌输；另外，每次课布置的作业都是有难度梯度的，能力比较强的可以挑战一些难度大的题目，稍微弱一点的可以做简单一点的题，不会让小白望而却步，也不会让高手觉得无聊。这应该是我在MOOC平台上遇见的为数不多的能够把一门传统中较为难学好的课教授得如此好的老师了。,5.0
mooc43877619934561828,非常不错，重点免费,5.0
就是麦兜,讲解深入浅出，有充足的练习。,5.0
mooc41367115909486003,配套习题库很棒,5.0
丹不定嘞嘞,因为字幕组每次都笑翻在电脑前（我笑点低但是恶意卖萌太过分了）体验到了久违的轻松活泼的上课气氛，讲得贼好，就酱,5.0
不减到75我不改名,非常完美，由浅入深,5.0
liangzx51,值得推荐啊,5.0
WA_ker,很棒，比我们学校教的内容要全,5.0
Vans凡,挺好的挺好的,5.0
ykt1517621276203,老师讲的真的是太好了，不愧是浙江大学,5.0
lhotsee,成为了姥姥的铁粉，浙大很赞！,5.0
神仙404,有趣，优秀，优质,5.0
m18813058377163com,老师讲的很好，编程题也很好,5.0
033162彭锦,习题，课程都很棒,5.0
Hurt.,非常棒的课程,5.0
mooc40761334303416469,不知道是第几次学习数据结构了，依旧得到了新的东西,5.0
小情绪mooc227,内容紧凑，思路清晰,5.0
Miazzy,棒！强烈推荐,5.0
mooc75211254352400070,讲解的比较详细形象,5.0
无为mooc126,列子很生动，就是进度感觉有点快了。,5.0
谢张天浩,老师讲课风趣幽默内容全面由浅入深作业难度适中富有挑战性,5.0
mooc1530590167523,感觉讲得问题很深很难，但是不经历风雨何来彩虹？,5.0
mooc1535866661889,百闻不如一见,5.0
lixueryu163com,6666666666666666666666,5.0
ykt1522201236264,讲的很通俗易懂,5.0
ben561,很棒，很长知识~老师们，辛苦了！,5.0
pc不是pc,好好好好好,5.0
mooc1531135753908,excellent,5.0
寻常巷陌ykt1494894671594,女神老师好幽默,5.0
ddttzz89163com,老师讲的很详细，比自己看书好多了,5.0
肇文华,很好，就是我的c语言不太好，代码不能完全看懂,5.0
mooc41120767776465084,很不错讲代码很细课程通俗易懂,5.0
mooc1521282542954,没有想到，慕课网还有含金量那么高的课程。,5.0
班怪先生,讲的课干货满满，许多课堂上的思考题如果自己认真去想还是很有意思的,5.0
mooc39753531117558929,老师上课讲的清晰有趣，同时配套的习题资源不少,5.0
练级-MOOC,讲解内容非常详细，给力！,5.0
Aidanbin,内容丰富，很照顾小白，安排的练习很经典,5.0
allen柯,很棒超级棒，只是我自己水平太菜。提个建议：提交代码的测试点如果错误了，错误提示信息能不能更明确一些，有时候实在读不懂自己到底哪出错了,5.0
郁汐,简单粗暴明了,5.0
郭dream,我觉得很好呀,5.0
热爱学习的mooc,马上也要学习数据结构了，刚好在mooc上面看到这门课程，很赞!,5.0
pandaplus,非常通俗的课程解说,5.0
cuit2017032007王钟田,老师内容完整，重要是配有代码。更重要是免费课堂,5.0
silencerman,真的挺不错的课，讲的干货，还有课后小问题以及课后作业，挺好。就是老师课件上有时会有一些错误，希望能越来越好。,5.0
灵魂失重,坚持坚持坚持，感谢陈越姥姥,5.0
信息sy1701周炜程,讲的非常好,5.0
李志豪mooc,棒棒版本啊,5.0
沉默的悄悄丶,陈越姥姥太强了。非cs专业也能听懂,5.0
摇橹梦里水乡,老师的讲解很好，结构清晰，好课程。,5.0
lhdhl,挺好的，感觉难度不是特别大,5.0
wwwwwiiiiiiio,老师非常上心，讲的非常棒,5.0
mooc1508416663025,很好，很清晰,5.0
阿特密斯X,特别好，强推,5.0
-Rookie-,很适合数据结构入门学习,5.0
dgq张展鹏,讲的非常好,5.0
interim,与语言无关的数据结构。,5.0
倾心唯,课堂理论和课后习题搭配，确实一定程度上调动了网络学习的积极性,5.0
NoNoNi,我觉得这个MOOC很棒，真的能学到东西，作业也能帮助我们及时巩固学到的知识，赞。,5.0
faruxue87,挺不错的。,5.0
黑白sp,为怪姥姥疯狂打call,5.0
好好学习99,感谢浙大！感谢慕课！老师讲得很赞，习题也很赞！,5.0
Q撸起袖子加油干Q,老师讲课感觉很好啊,5.0
wanghp00,之前大学没好好学这门课程，现在才发现这门课程的重要性。一定要好好学完！,5.0
vision_liang,老师讲得很好，循序渐进，对于我这种小白，也很容易理解。感谢老师,5.0
码农飞猪,重新温习一下有收获,5.0
mooc1535013018598,授课调理清晰，距离生动容易理解，被老师吸粉儿,5.0
swust5120167398,第一次接触这个课，老师给我的第一印象非常棒，讲课的时候非常清晰有节奏，时不时的一些网络语言呀，还有梗就让课变的非常有意思，，尤其是看到课后讨论里老师还配了颜文字，哇瞬间这老师也真是太可爱了！！！,5.0
夜阑归,条理清晰，易懂,5.0
mooc1506436543524,看了两周的课程，良心推荐，可以推荐给希望算法和数据结构进阶或者入门的同学,5.0
Anubisi,讲的很好，练习题的难度也好。,5.0
张假飞,我个人觉得还是挺好的，学校已经上过数据结构了，但是现在来看，还是能吸收到知识,5.0
MaxMeng,非常不错！,5.0
mooc1536381529444,授课内容非常有诚意~~知识点讲解很透彻,5.0
mooc1526956883021,非常不错，授之以渔！,5.0
华思麟,很NICE,5.0
WqBmlgB,陈姥姥讲课还是稳啊,5.0
云淡风轻mooc466,课程易懂！,5.0
betteramor,课程很精彩,5.0
序魅,感觉不错，举的例子都很鲜明，另外一些有趣的例子，使得印象更深刻,5.0
viskazbu122163com,课程很详细,5.0
std鼠,老师讲的都是重点内容，配合习题，很能提升能力。,5.0
zbyyzjj,视频那里看？,5.0
kongchun,老师讲的很好，就是编程题有点难。,5.0
秋天大叔,很好，很详细，能理解,5.0
1201160125,hhhhhh,5.0
太子长琴01,挺不错的，不过需要一定基础比较好。,5.0
晚安Seeyou先生,感觉老师讲课打比方十分形象，很有意思,5.0
诠释轻音,讲的很细致，全面,5.0
shelby9439,老师讲的特别好！,5.0
Punster,棒！强烈推荐,5.0
照祥,再一次学习数据结构的课程，这次希望能够学懂更多的内容。,5.0
mooc1499265854309,棒！强烈推荐,5.0
OWEykt1533439097879,好....,5.0
never say,看视频、查阅资料与课后练习结合，学到很多,5.0
会煮饭,老师很好，讲课有深度。,5.0
云之声,课程很有趣，姥姥讲得我愿意听，只是我水平不到，理解起来有点吃力，课件中还有停顿的思考，这是比较独特的，也是我很喜欢的其中一点。,5.0
刘畅dreamcc,除了点赞也只能点赞了,5.0
有理想2171,好好好！！！,5.0
Gαvin,授课深入浅出真的很棒,5.0
BWSHOOTER,讲得仔细明白而且全面,5.0
Letsbegin,感觉不错吧,5.0
mooc1535259128163,课程讲解详细，通俗易懂,5.0
HUST_CS1705_廖苏琳,讲得很清楚，比自己看书理解得透彻,5.0
Fele,完全不会觉得无聊，课讲得很精彩,5.0
DeanK,姥姥最棒啦～,5.0
MmmodernSchool,课程讲解很好,5.0
429325956,简单易懂，课后作业贴合教学内容，老师讲的生动有趣,5.0
馍高一丈-潘,陈越老师的讲课，能够直达同学们心中的结，知道怎么去解这个结，让同学们在学习的时候没那么吃力。举的例子也很常见，讲解每一步都仔细，适当抛出问题发散同学们的思维。给陈老师点赞！,5.0
小黄鸭咩咩咩,灌注了很深刻的编程思想，难度不小,5.0
编程鬼才,老师讲得非常清晰！,5.0
AddOne,讲的特别仔细，浅显易懂，非常感谢能遇到这样的老师,5.0
mooc1507688828497,讲课讲的很生动，条理清楚,5.0
玻璃纸和薄荷糖201730684465,老师讲解清晰易懂，很有收获,5.0
微风轻轻起mooc,讲得很好老师很负责赞,5.0
张大大1,非常喜欢老师讲的很好,5.0
乐天派91,老师讲课非常风趣,5.0
mooc1523543097239,详细周到，对于基础部分很重视,5.0
脆弱的墨语,课程由浅入深，非常喜欢,5.0
goodsee,老师的水平很高，讲的很细致和直白，例子也十分的形象,5.0
桃花影落飞神剑,还不错，对于小白而言。,5.0
vimkka126com,陈越姥姥超赞,5.0
Move_the_heart,感觉这软件挺好用的。,5.0
HITEE,棒！强烈推荐,5.0
奋斗式波,老师讲课幽默风趣、清晰明了，真的强烈推荐！,5.0
胤龙决,已经工作，但是还是觉得每天需要学习一点东西。老师的课程让我受益匪浅，每天学习一点，也算是一种习惯,5.0
地瓜丶,很好非常好哦,5.0
ykt1463891132087,excellent,5.0
mooc1530321039853,老师讲的很棒，诙谐幽默，深入浅出，很有代入感非常接地气的老师,5.0
与世无争的纯,太难了，经常有听不懂的,5.0
Mannix_Pi,听过最好的数据结构课程,5.0
长沙奥巴马,真的不错很棒,5.0
55171003朱静,真的挺好的就是自己基础不行听得时候费一些劲但是老师讲的很好回去自己琢磨能更通透一些,5.0
小狼吼吼,清晰好懂~,5.0
hit11111111,第一个真正学到了数据结构,5.0
子永,666666,5.0
三生伏首拜阳明,课程本身并没有给出很多代码，这样让我们自己去实现，很棒,5.0
traceback123,老师讲课很有意思，很有互动性.完全不像别的那样照本宣科.有的老师就是照着书本读,5.0
ykt1525604924490,很多例子，讲得十分清楚，喜欢！,5.0
字子初,不错，就是我听不太懂，怎么办,5.0
m18230057876163com,老师上课形象幽默，不仅把知识点讲得清清楚楚，还让我学得津津有味，非常有代入感，非常棒，很喜欢！,5.0
mooc1533517756502,数据结构很有意思，我很喜欢,5.0
小黑Black,很好，循序渐进,5.0
DUT软网1702_201792002,老师讲的很好，推荐,5.0
门都不入直接撞的萌新,讲课内容深入浅出，非常好,5.0
WHU2015302540053,姥姥讲课超级赞的，通俗易懂,5.0
一584,超级棒，老师讲的很好,5.0
飞异,很不错的，学习课程的确需要有一些编程基础。,5.0
紫麦zxm,老师讲的超级好，各个讨论点也安排得当，一定要加油学！,5.0
Judith2333,老师讲解很形象，比自己看书学习的效果要好很多,5.0
Travellermooc39,aaaaaaa,5.0
努力翻身的咸鱼烯,课程很棒，自己编程水平不太好，所以感觉有的地方不是很理解，提升自己吧,5.0
AmazingRise,老师非常幽默，授课方式也很新颖。（早就听说过老师的鼎鼎大名）而且在课程中间还插入了一些问题，这种互动式听课真的很棒！强烈推荐,5.0
hildaho,课程思路清晰，可以快速掌握课程,5.0
糊七七,超级棒！非常通俗易懂。希望姥姥先别关课程，考研er还没看完~,5.0
jiangzx,4星好评，但是想把知识学完整，还得选看其他数据结构课程。比如电子科大详细讲了递归，北大详细讲了Floyd算法,4.0
皎月丶,还有2天，期待开课,5.0
且看小单,感觉还是有点难度的，不过慢慢来，反复学习还是有很大收获,5.0
赖gogo的小跟班,老师教的很不错，而且也积极回答问题，学到很多,5.0
longforus,很好学到很多东西,5.0
原来是本蒟蒻,这个浙大的数据结构，是我目前发现的最好的课之一,5.0
mooc1492931213046,很不错，适合看一下,5.0
DL-1171002086-李旭涛,讲的太好了，满分推荐。,5.0
周湛宸,(^^)(^^),5.0
m15071264441163com,代码很简洁，讲课的内容也很容易理解,5.0
staticvoidjames,棒棒哒，浙大老师就是牛逼,5.0
软件150220154874张加安,特别适合想要过一遍教程的同学使用，课程内容实用，节奏紧凑,5.0
mooc1521373656312,女老师讲的很不错,5.0
mooc1516373498421,喜欢姥姥！,5.0
琉璃scx,老师讲解的很清晰,5.0
我傻不傻,非常棒，内容很好，让人一看就懂,5.0
繁絮mooc1,从本课程我学到了很多内容，诸如队列、堆栈、二叉树、图等等内容，老师讲的很好，我很喜欢！推荐大家学习。,5.0
mooc1509236761339,非常好的课程，老师水平相当高，可惜很快就结束了。,5.0
叽崽,超级棒的数据结构，配套的pta习题难度大，学到了很多东西，今年考研~希望能成功,5.0
appwhl,姥姥出品，必属精品。不多说了，老老实实刷pta去。,5.0
H无穷,非常好的学习平台,5.0
mooc1525785894437,课程很好，学到很多！,5.0
夕阳落雁,课程挺好的,5.0
不知其期,讲的特别仔细,5.0
浪子回头mooc9,老师讲的非常好，让我体会到了，好的大学没有围墙！,5.0
忘记_时间,课本看的不是很懂，来看看视频,5.0
隼耗,非常非常好,5.0
八斗为生,最后20天才进来学没完成作业现在继续看视频就是不能考试了。老师讲得层次分明，思路清晰，适合初学者学习。,5.0
简单mooc326,讲的特别仔细,5.0
Neusoft17210120627,老师回答同学问题很勤，本以为课本的主编会比较有距离感，然而并没有。有种受宠若惊的感觉。,5.0
mooc1523796055168,讲的非常好,5.0
NJUPTB15010731顾煜镠,陈越老师真的讲的不错哟,5.0
天赐Tina,老师讲的很详细透彻，很容易理解，学到了很多东西，感谢各位老师的辛勤付出,5.0
H先生嘻嘻,强烈推荐，喜欢,5.0
mooc1518680952793,特别有用处的课程，老师的讲解也很清晰,5.0
弯曲时空Crape,无论是课程还是教材，都是通俗易懂的。而且可以通过习题在电脑中的实际运行来检测学习效果，绝对棒棒的。就是题目有点难。,5.0
mooc_code,老师讲的非常好，很有意思，课程有点难度，但是收获很大,5.0
喝茶吃点心,听了几节课，主要是做题。感觉姥姥讲的特别厉害，深入浅出，很难的也能理解。,5.0
huangjun20180417163com,非常不错，很值得学习！,5.0
yrjw清新,真的讲的很好，很赞，极力推荐,5.0
JuneleungChan,很有用，数据结构基础更加扎实了,5.0
慕粉阿龙,分享个学习编程特别好的视频教学网站www.cxyschool.com（用IE浏览器打开，其他浏览器不好使，，还有大数据，人工智能）,5.0
蒟蒻炖辣鸡,难度比较大，但是无论是对高手还是对菜鸟，都很合适。,5.0
conghh,真的不错，强烈推荐,5.0
yzylining,很详细，深入浅出，如果能跟着走，会学到不少,5.0
灰白色的无力化,两位老师讲得都十分容易理解，配合完成全部的编程作业能有效对数据结构有一个完整的认识,5.0
信工1班0105冯宝林,HAOHAOHAOHAOHAO,5.0
mooc1516509828713,不错。。。,5.0
NEVERTHELESSmooc1,深入浅出，思路清晰，强烈推荐！老师们都很可爱啊~,5.0
hnxymjj,非常棒，深入浅出,5.0
mooc1499613573603,棒棒棒棒哒！！！,5.0
HFUT2015211648,我觉得OK,5.0
vvshuai,课程讲解清楚,5.0
、Rain 夜,打CALL打CALL,5.0
EasonDongH,简单易懂，感谢两位老师！,5.0
doublebelief,很有收获，讲的很棒,5.0
未晚明天,结合书本学习，很棒,5.0
谭洪宇,真的太好了这门课程，但真的有些难度,5.0
mooc1503742714717,强烈推荐，姥姥讲的好棒--练习跟着做的话绝对不亏了,5.0
Jason812,感谢两位老师，学到了很多,5.0
ykt1466952571705,讲解详细、幽默，注意细节。让学生听做结合，加强学生对学习内容的理解。,5.0
asricivy,小白砖厂真的很照顾小白，感谢,5.0
路任,注重对学生的引导，给学生规范化编程有很好的帮助，并且帮助学生建立了编程思路，注重培养学生在有编程思想和框架下去编程，非常赞！！！,5.0
xoliverx,学到了很多知识，陈越姥姥和何老师讲的都很棒。这个课程改变了我对数据结构课程的印象，现在喜欢上了学数据结构，很感谢两位老师！,5.0
shum7,何钦铭老师讲的清晰易懂，陈越姥姥超可爱，超级棒的课程！,5.0
wellersky,很棒，很有收获,5.0
MKblank,老师讲的很好,5.0
stellar_young,内容翔实，讲解生动，受益匪浅，十分感谢老师。,5.0
翀mooc16,喜欢，感觉很有层次,5.0
冬冬Tom,那个男的能不能稍微认真备下课...一个国家级的精品课程经不起推敲就搞笑了,3.0
计算机科学Gzx,好好好好好,5.0
Irving78,老师讲解很细致，配合陈越姥姥的教材基本上都能懂，课后作业质量非常高,5.0
stone-,累，累到心态爆炸；烦，烦到头皮发麻但是姥姥讲得真的好啊，被自己蠢哭o(╥﹏╥)o,5.0
丨星空,老师讲的很详细，而且还有小白专场，没有很好的理解可以在这里强化基础！！,5.0
future7536,讲的通俗易懂，感谢陈越老师，感谢何老师,5.0
13661300464,很好，学习中...,5.0
羊肉泡馍mooc,老师讲的很清晰基础，区分了C的指针和数据结构里面的抽象指针，以前学C的时候看到指针就怕，老师这样使这门课学起来稍微轻松点,5.0
mooc1490628246163,棒棒哒！！！,5.0
ykt1487950804561,陈越老师讲得非常好，条理清楚并且给人启发！,5.0
旮ㄖ◎崬圱,1111111111,5.0
不胖20斤绝不改名,讲的贼牛逼，就是。。。为什么一定要用c来讲啊？我是学Java的还得重修学一遍c。。。,5.0
happy_yuxuan,比较适合有一定基础的同学看，但是没有基础也可以，不能一直呆在舒适区中,5.0
boomed,值得推荐！,5.0
不可结缘o,老师讲的非常好,5.0
ykt1484058956259,老师讲的很好很详细，能够学到很多东西,5.0
hykt1502352870930,老师真的很棒,5.0
mooc1513619014347,问一下题目连接点进去提示无权限要怎么操作,5.0
柯摩,很适合小白,5.0
郑云红_15金信,难度有点大,5.0
叶小厮,讲得很容易理解，非常感谢,5.0
彭野太太,收获很大，两位老师的功底都很深厚，会从我们学生的角度出发，把一些需要反复思考斟酌的问题提出来，留给我们去思考去提升自己。很幸运有机会可以听两位老师的课程！非常感谢mooc,5.0
forever0136789,老师讲课通俗易懂，值得推荐！,5.0
mooc1501916227929,这门课程对我来说帮助很大。,5.0
克努特家有棵树,授课教师的讲解非常清楚，明了，引人入胜,5.0
LXSword,何老师很严肃，陈老师有点腹黑的感觉，都讲得很好,5.0
林静爱生活,不错，收获挺大,5.0
人呐就都不知道,两位老师的水平不知道比我们学校老师水平高到哪里去了,5.0
小杰ykt1520215071028,非常好，题目难，花时间,5.0
MaMaWoShiZheng渐,太卡了，bibi上播放视频方便多了,5.0
ykt1478358951322,老师讲的很细致，编码易懂，赞一个,5.0
kerten,老师认真负责，教授深入浅出，感觉非常好！,5.0
格物致知mooc17,课程很好，继续加油学习,5.0
HIT1151810205马国民,感觉很棒，希望自己能坚持下来,5.0
absoluteAmanda,goooooood,5.0
紫风铃摇曳着回忆mooc7,非常好，思路清晰,5.0
mooc1514983695431,本校研究生，本科没上这门课，现在要用了来补，1.5倍速学起来也非常的轻松，几位老师水平很高，化繁为简，可以说是不可多得的好课,5.0
hansomwang,老师讲的很好，上班一段时间了，回来学习，依然收获很多,5.0
倾我一生来读,很生动，讲的很好,5.0
mooc1482978191377,学到了很多东西,5.0
ZTmooc37,很不错，适合初学者,5.0
深海鱼_,好好好好好,5.0
mooc1468744547078,对我很有帮助,5.0
牧蒿,课程生动有趣，容易理解,5.0
Biscuitsmooc2,老师讲课很到位，讲解也很细致很好,5.0
这道题太难了我不会做,喜欢，让我爱上了数据结构！,5.0
妳得離去很有科學依據,细致，易懂,5.0
嗯哼嗯哈,真的讲的很棒哦,5.0
utyg2015,循序渐进，适合入门！,5.0
提亚马特之刃,讲的可以，不过光听不练肯定是不行的。,5.0
UraniaL,选做题有点难度啊,5.0
xyten,真的挺好的,5.0
mooc1520571310933,一直觉得数据结构枯燥、难学，但从开始看老师们讲数据结构，有种豁然开朗的感觉，通过理论加课后实践，渐渐的掌握了数据结构的内容,5.0
feitianhouren,老师讲解的很清晰，希望能增加更多小白专场,3.0
舒竹掠影,俞繁复于简一，化崎岖于坦途，数据结构难，但是结合着例题，就c泛型化编程而言，理解就更加深刻一些了，不过我才开始学基础的c，希望能够在学习中更进一步,5.0
每日放送,哇！超出预期了,5.0
mooc1501040072039,非常好好好好,5.0
讨厌南瓜,老师真的很棒,5.0
朱珏霖,jiangdehenhao,5.0
Basilone_Zhang,好喜欢陈越老师，简直是女神,5.0
王者路在脚下,MOOC上的课有很多精品，而这一门课更是精品中的精品了！！！,5.0
殇星痕,66666,5.0
ykt1520235337977,老师讲得很好！,5.0
SEU-研07班-四牌楼-171524-张琳,hhhhhhh,5.0
FEZIO,感觉老师讲的很深入，虽然我很菜hhh，但是我越学越开心，感觉了解到了很多很多平时学校学不到的东西,5.0
四夕文武哇哈哈,感觉很不错,5.0
零度以下看风景,很充实的课程,5.0
SIMONWUYU,老师讲的很好，可是在我学完第一讲以后，深切的感受到，这门课程的学习前提与要求必须得掌握好C语言或者C语言，要不然学起来相当的吃力，很多的地方都是听不懂的，不是特别适合小白直接学习,5.0
这个昵称不要跟我抢,verygood,5.0
neusoft17210420108,老师讲的很清晰易懂,5.0
云出十里未及孤村,老师讲得很细致，知识点覆盖全面，很喜欢。,5.0
oddrock,老师讲的很好，关键还可以在PTA实战，只能说完美!,5.0
九日的小娇妻,感觉已经不像一门网课了，就和平时在学校里面上的课一样，这种练习编程作业的方式我太喜欢了，老师也讲得特别好，好好学！,5.0
chenzheng5555,挺好的，不过有些内容好像没有讲，删减了？,5.0
mooc1521680100019,学到了很多，醍醐灌顶啊‘’,5.0
gracet,我是初学者，视频讲解细致、清晰，很有帮助。最重要的是，这些小例子激发了我的兴趣，感觉编程像哲学~,5.0
ykdxn,讲得非常棒,5.0
16电子王帅虎16010410101,非常好哈哈哈哈,5.0
ykt1504091702553,课程很好，老师将的很好，编程题也有挑战,5.0
Invokar,老师讲的挺好的，小白专场也适合许多编程能力弱的同学,5.0
卫瑞港,这门课对我至关重要,5.0
神小渣,陈越老师讲的很有趣,5.0
mooc1520342216528,课程很好！,5.0
沉默De鱼,每节视频中间还有提问习题，课后还有作业。。。感觉有效防止了注意力的分散和提升了学习效果,5.0
alan5208,感激有这样的课程,5.0
凡人勿扰mooc,老师回答问题及时、认真、负责,5.0
物联171杨博41723072,很棒，就是比较难,5.0
encounter文,陈越和何钦铭两位老师的讲课很精彩，谢谢！,5.0
想飞的水獭,很棒很棒很棒,5.0
Haskely,质量真心高,5.0
Tinystorm,授课模式很喜欢，视频中有特意的暂停来引导思考，配套的练习题也恰到好处，赞！,5.0
whyinsist0806,还可以，基本跟得上,5.0
丶mooc7,就是有点难,5.0
wine27th,学的很开心,5.0
yuhongd,老师讲的不错，很不错。。。。。,5.0
1010不是0,很好~~~~,5.0
KevinDXD,期待了很久的慕课课程,5.0
万里千里,老师讲课很好,5.0
这么大只的叶子,我很喜欢老师的授课方式,5.0
望暮君,课件讲解得不错，课后作业得努力完成了,5.0
罗烨mooc,挺好的，讲的挺清楚,5.0
天者,又可以多学习一边我喜欢的课程了，还是跟着大名鼎鼎的陈越姥姥。。,5.0
张颖姝,超级棒，所获良多,5.0
听风_,老师讲的很透彻，没有基础也可以学,5.0
xiaonan8826,非常棒谢谢,5.0
计科16-01-张才玲-541607010145,线上学习课堂讲解，效率高很多,5.0
mooc1520417845868,很好很好很好,5.0
席浪,好好好哈哈哈,5.0
扬帆启航5,l老师关于最大子列和讲得非常好!,5.0
33116415-李晓宇,挺好的，有一定难度,5.0
mooc1498495967982,老师讲课特别好,5.0
球三不会画画,算法简直太神奇了。。。老师讲解的也很细致生动，相信只要肯花时间，定能受益匪浅,5.0
付炬,不愧是姥姥呀，自己加油！,5.0
王易楠,这课程超好的,5.0
mooc1520562185154,挺好的老师特别细致,5.0
辣鸡年糕,清晰易懂收获大,5.0
莫离流年,由于没有很好的计算机语言基础，还是有点难懂，但对于提高自身的知识水平还是很有帮助的。,5.0
原来可以改啊,感觉挺好的,5.0
道上,我是非计算机毕业的码农，现在在恶补计算机课程.浙大的翁恺和陈越老师的课程是我听过最好的课程了,5.0
一叶随风何处,很棒，期待更多优质资源,5.0
mooc1520558032610,不愧是国家精品！,5.0
晴好luckyli,教员教的很好！,5.0
你往何处去mooc2,老师讲的很清晰，谢谢,5.0
Wincy_羽,我觉得在课程中穿插着一些简单的问题思考更有助于我对于这门课程的理解,5.0
Vstay,讲解深入浅出，细致入微。觉得非常的不错！,5.0
mooc1520683783340,讲得很好~生动有趣,5.0
江安神藕,姥姥的课太好了,5.0
郭江伟,老师讲解的很好，课程安排也不错，辛苦老师了,5.0
萧鸣年华醉思卿,老师萌，课上不会教的全全面面但是会引导你自己思考，自己去学习，路转粉了,5.0
suiyechengxiao163com,老师讲课十分吸引人，喜欢~,5.0
mooc1506778417663,对零基础的我，难，但确有成效,5.0
z1583417232163com,老师讲课浅显易懂，对于我这种想要学习计算机课程的小白很有帮助。并且还有点小幽默！,5.0
mooc1520494207588,我觉得挺好的,5.0
chensunyg,深入浅出，系统的学习是扎实基础的最好方式！,5.0
蜜西mishiQ,陈老师讲课方式我十分喜欢，将抽象问题具体化，循循善诱，深入浅出。,5.0
岁月便是天涯,对算法与数据结构有了粗略的印象，以及一个好算应该是怎么样有了认识。,5.0
ChopinXBP,挺生动形象的,5.0
r3v334,while(1)std::cout<<"满分"<<endl;,5.0
yaooif,老师讲得非常好，学到很多东西,5.0
illq99,真的好厉害，就是感觉自己的数学功底不太够用，听的有点雾蒙蒙的,5.0
宋彤彤,课程内容很不错，坚持就是胜利。,5.0
mooc1513783058756,姥姥上课很好哦,5.0
鸿鹄_HITSZ,机械狗转程序员评价一发，数据结构应该是计算机专业最核心的课程之一了，姥姥讲得很好，对我很有帮助,5.0
不会起名字老是重复,课程很有趣，容易理解,5.0
mooc1514450295139,挺好的可以听懂,5.0
mooc1520522763025,666好好好,5.0
魏华敬,棒滋滋！！,5.0
奋斗的驴生,陈姥姥讲得好清晰。声好人美。,5.0
路尚1997,正在学，对于我来说好难啊！,5.0
2150900049,非常非常好,5.0
滑稽姬,自学党的福音^_^O(∩_∩)O哈哈~,5.0
Wenchester,..........,5.0
暴风天使,666,5.0
字子旷,棒棒哒~~,5.0
Mazl,感觉思路很清晰,5.0
jielness,这么课程对于学完计算机基础的同学是一个很大的提高，老师讲的很好,5.0
mooc1519612322618,讲得很好！,5.0
墨非mooc9,早点知道有这门课就好了,5.0
m15757827831,上课内容挺好，就是必须有点基础才能听,5.0
圣手张,老师讲的真棒，学到了很多东西。课上课下结合学习，知识盲区...不存在的,5.0
xloveconst,随时可以学习复习,5.0
Alwaysmooc275,很好！希望自己可以坚持下去,5.0
yifei1193,老师将的非常好，举例生动，语言清晰！,5.0
一叶蔚蓝,很有启发性，提升学习力，加油。,5.0
三妹0909,讲的明白，论证清楚,5.0
OnlyALittleStar,老师讲课注重举例分析，不是纯理论，学得比较有意思，不枯燥。不过局限于自身水平，时间复杂度和空间复杂度不是很会求，最大子列和问题的分治法和在线处理也不是很明白，总体而言，还是很有收获的。,5.0
此号暂费一年,老师很不错，类比很具体很生动,5.0
CQUPT2015210738,老师上课幽默风趣，简明易懂，真的觉得很好,5.0
mooc1520334430091,课程生动易懂,5.0
xiayetingyu,非常好的视频，在书中没有完全理解的数据结构和ADT在这里得到了进一步的理解。感谢陈老师。,5.0
东流道长,陈越姥姥代言，值得信赖,5.0
南碑,可以重新学习一遍,5.0
143forever,希望大家都能学到想学的，能有收获,5.0
无名号,非常清楚，讲课的例子都很形象。,5.0
好名字都让它取了,姥姥讲的超级好,5.0
hawq,不死板，形象,5.0
爱跑的猪520,还有1分钟,5.0
mooc白鹭先生,期待期待，真心感谢老师们,5.0
苏咩赐婆罗,今天开课，为了快点见到姥姥七点钟就来到了图书馆。“距开课还有两个小时”？,5.0
mooc1513906236042,课件简洁思路清晰,5.0
非天ykt,也许“从零开始的数据结构”更适合作为这门课程的名称，但学习过程并非无痛。内容包括常用数据结构和算法的讲解。课件配合PTA平台上可调试结果的练习题，使得这门课程很适合自学编程知识或作为专业课程的补充。,5.0
辛永顺,哇！超出预期了,5.0
aochuan103,课程设计很好，具有一定的难度。,5.0
范志扬,好期待啊，距离开课还有七天,5.0
kin3z,最早的完美教程，感觉第一版效果最好。,5.0
mooc1509980336411,非常好的编程课程，从基础入手，学到了很好的思想，顺便巩固了C语言,5.0
mooc1494391470327,很好很棒很赞,5.0
聂小喵,^ _ ^,5.0
IT_ME,跟着姥姥一步一步向前走,5.0
年轻的心在沸腾,讲得很好。,5.0
mooc1470306960372,最好的一门课之一！,5.0
sourdumplings,绝对好课，老师非常用心，不光讲得好，而且也参与课后讨论为我们答疑解惑，还有配套练习作业等，真的很感谢两位老师！,5.0
人间朝暮mooc1480493570496,挺好的，主要可以重复看还可以调节倍速，适合我的学习模式,5.0
九弓轮月,老师讲的非常好,5.0
真玄学达人,非常有收获,5.0
mooc1516540118706,希望有更多优质的课程,4.0
mooc67794138827198848,非常不错的课程，洗完能有很大提升,4.0
mooc2615555094721751,很好的课程,4.0
秋千上的小灰狗,课程设置的很好，但是有一些课程听不懂。需要花很多精力找课外资料。,4.0
18级商软2班201826703076李倩茹,学不会啊啊,1.0
keepkeepalways,希望靠这个期末能考个好成绩。,4.0
笑着对你丶,哇咔咔咔咔,5.0
HarryHao,目前就看了第一章节，感觉题目还是不会，不过概念听懂了，很难受,4.0
HiSillywa,太棒了，希望每节课时间可以延长，关键是要把每个知识点讲清楚,4.0
上古之神万智牌,大家能不能告诉我，老师是用C讲还是C++,5.0
涂翠蓉,在这堂课上，学到了更多关于数据结构的知识,4.0
mooc41829201496162597,十分好，内容充实,4.0
巫贵洲gray,很不错，练到手了，学会了很多相关的知识，老师辛苦了！！！,4.0
gouruolong_15609541800,还行，加油！,4.0
ykt90301755117690856,姥姥姥爷讲的是很好，可是太深奥了啊,5.0
Lyonwei,课程内容不错,4.0
曾克,老师辛苦了，课程很好，但下载很麻烦。这里提供一个，一劳永逸的下载方法，不限制批量下载，下好了有时间再看Q/W2357331025呵呵^_^^_^,5.0
一期一会mooc165,阿斯蒂芬规划局,5.0
小饭mooc1457160146466,作业难度缺少循序渐进，设置多题的梯度训练更好,4.0
WHU2017302360010,目前还行吧,4.0
靖mooc112,有点难，对于初学者不太合适,4.0
刘宇宁的小屁孩,想问一下做的题目有没有答案呀，我没看到答案在哪,5.0
孙敏敏爱你,非常好奇怪中年,5.0
北海云天,两位教授讲的课非常好，老师备课很用心，老师思维清晰。看过之后对我整体提升非常有价值。课堂轻松，通俗易懂，还有一定深度。老师讲课行云流水般的流畅，听了之后有一种茅塞顿开的感觉，听课绝不会打瞌睡哈。谢谢浙江大学，谢谢两位教授！期待后续的数据结构图相关的内容。,3.0
鲲鹏展翅mooc22,吉隆坡婆婆咯破默默,5.0
Tianwenxiao,有点儿难。,4.0
NJUPT_B15031128宗辉,老师非常专业，讲课很棒,4.0
清风丶识字,奇怪，第一节课怎么一直都是算法呢,5.0
Zack1606,老师不错。。,4.0
漓院黄昇,陈越老师讲课讲的非常好，就是难度有点大，要听几遍才能完全理解,4.0
mooc39974976769588397,课程内容希望告诉我们哪里是重点哪里是难点,5.0
mooc40592209251237348,挺好的。。,4.0
ykt11323431214093721,讲的挺好的,4.0
mooc26937779647690910,插入排序有一个位置写错了,2.0
章海星,我们本身就在学这门课程，使我们对这个课程有了更详细的了解,4.0
sanmamooc1,这个里面的从第一课时到第八课时的内容是一样的吗,5.0
Shouming-White,总体而言不错，但是节奏真的是太快了，很吃力,4.0
mooc25837947561964976,......................................,5.0
洛冭默,对于参加课程比较晚的同学挺好的,4.0
mooc16848549378440468,老师，读者验证码是什么,5.0
流殇mooc58,课程挺详细的,4.0
mooc1476950403334,课时太少，,1.0
mooc24802013690076498,那你看看科比,5.0
97964,郭德纲大哥大哥,5.0
网络-1701-卞康-311709040117,课程内容还行,4.0
见过各种猪跑,简明清晰。,3.0
mooc56080331367382071,哈哈哈哈哈哈,5.0
澜阳,希望有课件，可以直接打印下来更好,4.0
mooc1514544722930,23333,5.0
性格如此Boboge,wdnmd我就希望期末考试不要白给,5.0
CLFluid,挺好的，学完再评,4.0
506134617qqcom,老师讲得挺不错的，就是自己基础有点差，有一些听不懂,4.0
201817305王敬宇,五星，不写评价不让交。,1.0
风隽,作为数据结构入门挺不错,4.0
Ferry2Sea,很不错的课程,4.0
mooc10280901182345695,讲的挺认真，不过有一小点点听不懂,4.0
mooc66714630235105316,在课程中学到很多，但开始略难,4.0
ykt1500432440114,讲的很好，很容易接受,4.0
mooc49939375817498335,好，讲的还行,4.0
yym1998jerry163com,一定要学好C语言再来听这门课，至少要入门，不用很深。,4.0
看天mooc5,。。。。。,5.0
hui-ho,课程不错，网站排版垃圾,4.0
吃太多就不美了,1111。。,5.0
mooc1530107135158,这个是基于liunx系统的编程吗？我只会C语言不会C++，可以学吗？这个编程可以用VC2010吗？,5.0
mooc小学生01,我学术登高,4.0
秋风寒mooc,拒绝斤斤计较急急急急急急急急急急急急,5.0
scl0414126com,真心不错。,4.0
赵义虎,现在PAT成绩合格还能取代考研复试上机考试吗？,5.0
kdjdjs21610410218薛元浩,bbbbb,5.0
黄舒熙,111111,5.0
17202135_谢政,老师讲的不错，速度也合适就是有的时候可以有一些点启发一下学生，还有就是有的时候讲课有点跳跃了,5.0
夏小同学,讲的速度很快，基本上感觉在照着PPT念，而且一些实现细节没讲清楚，为什么大家都觉得这个课程讲的特别好？完全没有感觉到,3.0
04051703耗子,还想学习一下,4.0
YeoReum_,kkkkk,5.0
快刀切草莓君,很棒！给陈越姥姥打call,4.0
Xeno_Scum,大小是确定的,5.0
1850612805,完全是在念PPT，没有自己的理解,1.0
孟娟娟娟娟,课程内容和形式都很不错，美中不足的是课后练习的题目没有参考答案，如果有的话那就很完美了,4.0
hitlerstarykt1455446277805,最好有编辑器代码演示,4.0
mooc39304943410414533,............,5.0
BANG_,酱紫，酱，紫，酱,4.0
mooc1506266204231,dadadad,5.0
张丽华zlh,视频在电脑打不开，只能用手机看,5.0
不离唯一,第二章没有字幕加速播放很难受,4.0
sch_no,课程很不错，能多讲点实际程序的例子而不全是概念就更好了,4.0
野菊mooc,授课内容很好，但是感觉老师和同学的互动性没有那么强,4.0
大胆折腾,才学习不是特别了解还需多多观察,4.0
山川胡海,当前开课一结束无法回看，加qq180881295获取完整视频。,5.0
八字眉的胖子,很不错的课程，老师讲的也很清晰。,4.0
mooc1531711560791,为什么不执行我的代码,5.0
jnrj2008163com,课程结束，还请老师开放自主模式，便于查看就更好了,4.0
ykt1482201165143,讲的很棒，谢谢老师,4.0
荒小唐,不知到为什么不符合申请证书的标准,1.0
沈仕林,李老师讲的非常好。,5.0
ylink,课程本身内容涵盖比较广泛，相比现实中的课程教学，要求过高，体现在两个方面：1.一般学习数据结构这部分内容的学生都是在修完一门“高级程序设计”（即C语言语法介绍）课程后去学习这门课程，但课程中附带的题目已经假设学习者的代码能力已经不会构成其实现学到的数据结构和算法的障碍。现实情况恰恰相反。2.知识与习题的相关性还是不够。这点可以学习leetcode的题目，一道题目尽可能压缩与相关算法和数据结构无关的知识，尽量突出考察的算法。但这门课附带的一些PAT题目，如果未事先学习过那些题目的套路，对于刚学过语法的初学者来说，真的很难完成。,4.0
SuEaQ,为什么不给出主函数的调用啊就给函数这些东西哪本书没有。。。。。。。,3.0
PasserAAABy,老师讲的非常棒,4.0
phiz487,这门课的确不错，但是感觉课后编程题挺有难度的，像我把算法笔记看了一遍，然后再来做这些题目，还是挺吃力的，一道编程题一般需要半天，才能自己动手写完，不好的话还可能要1天来研究各种东西来完成作业,4.0
时光不老ykt1484809284637,不错。。。,4.0
黏三皮,如果能够带领着我们多做些习题，就完美了,4.0
IMNU0220161102928,很不错课程丰富内容讲解也很棒。,4.0
拐弯抹角mooc1,老师讲的很不错，但就是有些结构体中的指针讲的不太清楚,4.0
王宇直,课程详细，配套练习到位,4.0
计算机16-01-华春风-541607010106,有的错误本来是可以避免的，但是因为自己不确定，所以失去分数,3.0
mooc1520926906374,我觉得课程做得很棒，反正每次学习都有收获。,4.0
mooc_D,没有太考虑小白的感受。。==,3.0
admirersuper,讲练结合，很好,4.0
mooc1520772721892,感觉课程好难,3.0
cyh2324629698,感觉挺棒的对以后的学习有很大的帮助,4.0
逻辑和阅读,课程很紧凑，我会努力的。,4.0
闭时曲圆的碑文,通俗易懂，很好,4.0
neusoft17210120701,虽然老师讲的和书上的差不多，但是在视频上面仍然有很多知识点是书上没有，感觉受益匪浅。然后讨论区设置的很好。,4.0
DGWDYW,还不错，很期待能学到东西,4.0
后来的原来6868,C语言基础弱，这门课给了我学习C语言的动力。,4.0
软工1703武美男,很棒的说~,4.0
大鱼ykt1509624034187,很喜欢老师的讲课风格！！,4.0
Cola98,姥姥教的特别的好，就是课后题优点难,4.0
想飞的蜗牛mooc,毕竟是国家精品课，有些难度，加油！！,4.0
ykt1466585241781,老师讲课幽默风趣、提出的问题具有思考性，讲课清楚明白，效果不错。,4.0
柏拉图mooc14,还好，门槛较高啊，没基础玩转不了,4.0
LongYongChao,讲的很有条理，逐渐地把知识点按思路引出来。,4.0
mooc1517410211244,感觉听起来很费劲应该是mooc上比较难学的课程吧讲的不是很清楚,3.0
morning-power,讲的很仔细，一些抽象的概念也能形象地做些比方,4.0
mooc1520309871324,授课很用心,4.0
像神一样的,陈老师，举例很容易理解，让我喜欢了数据结构。,4.0
zkx_jhun,通俗易懂，有一定c语言基础就能学会,4.0
17061310_陈泽阳,有点启发！,4.0
mooc1479731423534,非常感谢网易，感谢中国慕课这个平台，让我对计算机以及编程有了一个质的飞跃，这里面的老师的讲解都很严谨，细致。最后，想说一句，老师们，你们辛苦了。,2.0
万敏,有了慕课这个平台，真是太好了，学习时间可由自己决定，而且课程讲的非常好！给了自己一个学习机会，对提供慕课平台的这些老师们表示感谢！慕课上都是一些基础课程，若是能提供一些跟随时代发展的操作性的课程更好。,2.0
