粉红豹先生,好多错别字和错题，这种课程是怎么通过审核的？,1.0
山鲁佐德mooc2,请问这个课程有多少学时?,5.0
mooc85972211537500036,老师讲的很详细，容易听懂,5.0
mooc84679009114929625,讲得还不错,5.0
三叶bin,视频不全，,2.0
201617010015大数据程少博,讲的很细理解起来很容易,5.0
201817040001刘棕源,学习感觉可以,4.0
201617010038杨宇竺,老师讲的非常仔细,5.0
孙昊201817040012,讲解清晰，ppt做的易懂,5.0
201617010035高伊凡,内容很详细,5.0
201617010003_余忠义,nb！绝了！学习了！,5.0
201617010042胡香玉,重新复习了一遍,5.0
mooc1477797196816,视频不全。,2.0
电信1601-U201613259-罗辉浩,讲得太慢，非常基础，想学点东西还是去看浙江大学的《数据结构》课吧,3.0
少安mooc1,我是大一新生寒假听完课感觉还是啥都不会啊,5.0
201608090045付梦雨,老师讲的不错呦,5.0
201617010040曹冉冉,学到了很多,5.0
201608090006陈俊,讲的真好啊,5.0
201617010036茹晓,很好非常好,5.0
201608090025王永杰,！！棒,5.0
willie710509,这是目前为止，我在“中国大学慕课”网上学的最难的一门课。非CS专业出身、离开大学20多年了，《数据结构与算法》课，对计算机专业也是难啃的骨头，我花费了很多时间和精力，最终还是没有完成，只学到了第三章《分治递归》。根据课件和自己的理解，并参考《大话数据结构》，写了整整一个本子的笔记，补充、完成了大部分课上、课后练习和讨论题；通过独立思考，写了长整数加减法、带括号加减乘除四则运算两个对我来说稍难的程序。虽然未完成全部课程，但已完成的那部分还是感觉收获满满的。不会C语言，所有的练习、笔记都是用Python做的。学数据结构对编程真的非常有益。与同类课程相比，我觉得电子科大戴老师这门课难度适中，适合不那么“专业”的同学，而且课程的组织方式有特色。所有课件一次全部挂到网上，开始觉得有点奇怪。后来慢慢体会到，数据结构课比较烧脑，这种方式便于大家根据自己实际情况安排进度，还是很有新意的。马上就跳到后面章节的同学，大概是上次开课的断点继续，我也准备这样，期待老师下次开课，从第四章接着学。有些课件和测验有小错误，希望能及时更正。,4.0
ykt1469528202172,超级细致，感觉和学校讲的基本一样，有很多地方是超出预期的，感谢老师们。希望能被评为国家级精品课程,5.0
mooc1501040072039,能不能把课件发一下，这样我们也好复习，还有写的字能不能好看点,5.0
弗洛伊德的遗言,应该是门好课，反正我听不懂，以为会讲一些基础，概念等，有点懵，我去看基础课程了,4.0
信工171张哲圣1711013037,一个一个小视频缓存点的手疼,4.0
mooc86328815728885964,非常棒的课程，老师讲的很仔细，很用心。谢谢老师！666666,5.0
木大侠哈哈,内容有容量很精彩,5.0
蓝宇真名,老师非常负责，总是有问必答。讲的也非常非常清楚，真希望有机会能在戴老师手下读研究生。,5.0
Luckymooc948,非常好的课程,5.0
mooc1523627093917,课程设计很好,4.0
Starykt1515044613786,好，很好，要好好学习,5.0
胡帆max,戴波老师讲的真的很好，讲的很清楚，我学到了很多东西，甚至川普也能听懂了。在人工智能的路上我又迈出了坚实的一步。我寒假准备再看一遍哈哈。,5.0
我叫学神,特别详细，能听懂,5.0
郑智勇zzy,很好的课程，感谢戴波老师的授课,5.0
晨曦小媛,感觉学起来有点吃力,5.0
150mooc1,很细致，思路清晰,4.0
重拾旧梦,通过这一单元的学习对数据结构和算法有了不一样的认识，对程序有了更深入的了解，也认识到这门课程对于后台开发的重要性，自己还需要认真努力的学习重难点的知识。,5.0
女孩mooc39,课很好，讲的很仔细,5.0
frnmooc2,精彩，老师的讲解生动有趣,5.0
ykt64788007542374995,超爱戴波老师讲得太棒哒赞赞赞！！！,5.0
201608090004赵磊,------好！,5.0
俩双mooc,听了老师的课感觉茅塞顿开,5.0
201608090032赵倩颖,老师讲得很好,5.0
蔡伟森201608090074,很好很有帮助,5.0
刘婷201608090038,nice，,5.0
201617010025李金芸,都挺好的，还不错,5.0
徐进201608090017,非常棒，自己的老师讲的非常不错！,5.0
201617010017辛国斌,让我们对计算机中的数据结构有了了解，知道如何将一个问题转化为计算机能够解决的数据结构和算法,5.0
201617010009王良财,快来学习了,5.0
mooc1536577952836,真的不错啊,5.0
爱de告白,必须学会~~~!加油~,5.0
碧海会有蓝天,不错，不错,5.0
mooc1535641188380,第五章图看不了，试了很久还是不行，是原来就没有视频吗,4.0
Justformemooc152242119102,很感谢各位老师对知识点的认真讲解，另外第三章第六讲视频结尾有彩蛋(*^__^*),5.0
razor_x,各位老师语速适合，尤其是课件动画生动易懂，感谢各位老师。,5.0
Liekkasmooc41,我觉得海星,5.0
mooc1530401213668,听了一会感觉不错,5.0
201717010023,啊，很好，很详细,5.0
周师窦,课程内容很精彩，引入易懂，老师讲课也精彩，举例生动有趣，还有歌，新颖创新有活力！能听懂，但动手相对少，暑假一定会回家多提交题。祝愿课程越来越好，老师们辛苦啦！,5.0
zl178123271163com,挺好的值得学习,1.0
澄碧钓徒,中M上相对来说更适合入门的数据结构，涉及到不少经典算法感觉挺有帮助的，戴老师讲课思路清晰没有让人感觉晦涩难懂，而且特别有责任心，总之强烈推荐这门课,5.0
hnu201808030408黄舟瑜,老师讲的很好,5.0
zzzmooc694,学到了很多东西，教授的很仔细。,4.0
mooc62960496002768470,讲解详细，逻辑性强！,5.0
littlebluemooc2,很满意的老师,5.0
shjsnr,思路清晰、讲解到位,5.0
mooc1511945510828,学到了很多，老师讲课能串链式链接知识，增强知识间的衔接,5.0
1730230317刘璠mooc96508100906118873,挺好的，非常有用,5.0
苯环大叔,老师讲的很不错,5.0
2018170101004,强烈推荐!,5.0
2018081307028张清舒,老师讲的很清楚很有条理！,5.0
cielllllll,考试超级好！讲的也超级清楚！,5.0
空谷幽兰kjl,讲解清晰清楚，非常好,5.0
mooc12459180988404177,深入浅出.,5.0
材科1703雷鸣,老师讲的很棒！我应该没学过的小白都能听懂,5.0
muzi8895,讲得很好，最好能把练习代码打包一下，方便练习,5.0
ykt1471530475143,aaawesomeeeeeeeeeeeeeeeeeeeeeeeeeeeeeeeeeeeeeeeeeeeeeeeeeeeeeeeeeeeeeeeeeeeeeeeeeeeeeeeeeeeeeee,5.0
mooc1531123703533,老师讲的很好，就是PPT有时候有显示问题,5.0
XD-18180100134-杨天宇,老师平翘舌不分，听起来贼不舒服,3.0
mooc1536738125187,课程讲的还可以,4.0
fanc232,首先我声明，我对北京大学的佩服和敬仰永远不变！其次，这个课程总有个人在ppt上面涂鸦，让人非常崩溃。老师讲的内容是跟着老师的指的位置走的，但有个人在ppt上专门跟着老师讲的进度不同的地方瞎画，非常干扰听讲！如果我这辈子只有一次资格吐槽北京大学的话，那么我想说这个课件里胡乱涂鸦的家伙简直令人恼怒。,4.0
京沪,好好学，成功考上研究生❤,5.0
appwhl,Top2大学的教学质量水平无须置喙。只谈谈自己有感触的两点。一)每节课后的开放性思考题。很有启发性。二)给力的助教团队。1.为了让更多基础薄弱的人更快入门，在开始推出了python编程测试(python应该是公认的非计算机专业的最佳入门语言)，并给出代码模板，以帮助大家尽快入门。2.每章作业，大部分习题都给出详细的解析，这是我在MOOC平台上遇到的唯一一个。3.规律充足的答疑时间。每周一，三，五，日晚7-9点都有助教在线答疑。说真的，我现在很后悔自己当初没能多提几个好问题，以后想碰到这样的助教团队，估计是很难了。强烈安利。,5.0
cuizimu1996163com,张铭老师讲课实在是太菜了。举个例子《外排序》：第一页，“外排序是对磁盘（文件）进行排序”。什么叫对文件排序？是把文件按大小排序？还是按文件名排序？事实上都错了，她的意思是某一个文件的内容进行排序。可文件不就是一个很长的二进制串么？对一个二进制串咋排序？把1都放左边把0都放右边？都错了，她的意思是对一个记录型文件里面记录排序。“形成一个尽可能长的初始顺串”。尽可能长是什么意思？文件是多长就是多长，4KB就是4KB，还能尽可能长？第二页，用堆处理。“这就形成了一个初始的堆”。这啥玩意，这怎么就形成一个堆了？堆里的初始元素哪来的？随机生成的？综上所述，这个视频完全就是给学过这门课的人复习用，没学过的人各种听不懂，根本没讲明白。,1.0
LittleWei,额。。说实话咧，感觉讲得不是很好，前面有点重复啰嗦，而且没把握好进度，感觉不能循序渐进，不是很清晰。但是老师们都很用心在讲课看得出来，希望能做得更好一些吧！,3.0
马德兰公爵,不好自己看书吧,2.0
0174306,不好，体验很差，老师没有逻辑,1.0
思久方为远见,不适合预习用，语言太抽象，很多地方仅仅是念课件。,2.0
张铭,课程内容前沿实用！助教团队超级棒！论坛讨论活跃,5.0
TBNSmartyee,感觉很混乱,2.0
萝卜ykt1507092835724,讲的真的烂，一直会停，有点拖拉。,2.0
快乐的公民,总体来说，难度适中，可以学习到有许许多多的边边角角的知识，oj的内容更是非常的实在，有模板，可以节省许多不必要的时间，强烈推荐，非常适合初级阶段的学者,5.0
貌似狠簡單mooc,讲解不够清楚,2.0
化学生学cs,递归讲得莫名其妙，前后逻辑不清晰，语言组织令人失望。。。。。,2.0
mooc1469883492426,感觉讲得好乱。。。,2.0
1700012895,我输入了七个字,5.0
1700012710,课程很好，老师讲得都很精彩,5.0
14846,为陈老师疯狂打call！！！,5.0
mooc68587144046193473,！！！！！很棒,5.0
HeavyCrab,一些没必要扣的定义类的东西真的可以略去。很多定义和平时人们在用的也不一样。一些算法像KMP之类的，写法又比较奇怪。什么“优化后的KMP”，所谓的优化仅仅是特判掉了相同字母的情况，别说复杂度，就连常数因子都没有改善，这类东西让人觉得不知所云。,1.0
Little_Blue,我觉得不错,5.0
mooc1530938506519,非常非常清楚,5.0
公管162016311684付峻豪,棒！强烈推荐,5.0
mooc1522722385562,为陈老师的课程疯狂打call！,5.0
toaruj,陈斌老师的pyyhon非常有趣，讲的算法也有一定深度，作业还可以刺激艺术细胞，妙啊,5.0
YukkuriC,内容丰富，考察全面,5.0
耿小白,让我学会了很多算法知识，对编程更加有兴趣了,5.0
慕士塔格ykt1422784516166,数据结构：算法，逻辑，存储。结构：是表示实体与关系的。存储结构：线性，连接，索引，哈希,5.0
xigesi163com,我觉得知识点讲解的很细，听起来能感觉到张老师花费了很大心思，只是我没有一点相关基础，听起来比较费劲，一定要坚持听。,5.0
zhangshitian,还好啊，就是测验比较难。,5.0
NovakChan,老师经常出现，助教大大们也很热心的棒我们解决问题，学到就是赚到,5.0
weiyanyan,慕课老师将的详细，与真实的课堂老师讲的内容互补，让我知道了更多知识,5.0
Leonard11,老师讲课非常好，课程作业也很不错。,5.0
王木杉19,数据结构比较难，但是老师深入浅出，讲的很好，习题也很充足,5.0
空山新雨mooc22,老师讲的很好，提问题也非常耐心的解答！,5.0
mooc1600011772,内容丰富，作业适当！,5.0
mightymac,讲的非常好,5.0
秦晓宇,老师讲得很棒！,5.0
本护1701_U201712776何志翔,真的很不错呀,5.0
madksou,老师讲解的非常好，如果能多一些代码实例就更好了。,5.0
陌mooc255,讲课细致，收获颇多，值得推荐,5.0
李佩佳,慢慢学习就有收获,4.0
mooc1511960214877,很好，特别好懂，但是更新太慢了，还有，图去哪呢，我怎么找不到第五章,5.0
mooc1520579116052,棒棒棒棒棒,5.0
王盒子,进度太慢了,3.0
叶子mooc447,这门课老师讲的很浅显易懂，适合初学者。,3.0
小林R,准备充足，课程流畅。但是，有的概念讲解似乎有点不够具体，需要再结合书本详细了解才可以,4.0
Dreamerykt1456564490335,对数据结构有基础的讲解，要是有了习题的讲解就更好了,3.0
JLXY2017020800220姚昊霖,66666666,5.0
Invictus潇,好的不得了,5.0
陈芷安2000,非常好，老师讲得很仔细，很用心，谢谢老师，交给了我们这么有用的程序设计方面的知识！希望以后还有更好的提高课程，我还会来学！,5.0
LeoooY,非常好，对我很有帮助,5.0
Deetiny,内容丰富，课堂生动，对我有很大的益处，感谢讲师，感谢这个平台,5.0
OceanExplorer,非常好的课程，内容清晰、老师讲解细致，学习起来轻松多了。最佩服的是，老师讲课时行云流水般的思维和逻辑，有一种美感。很高兴能参加这次课程的学习，受益良多！再次感谢！,5.0
Student6,课程很好，但我觉得一开始难度有点不适应，非计算机专业的我学着很吃力，后面就开始适应了,5.0
让世界知道我不认书,将的很透彻，适合系统的学习。,5.0
ELjing,讲解细致，希望每章加上综合对比总结。,4.0
mooc1510317679354,很好的一门课程!,5.0
ykt1521721665318,课程结构不错，由浅入深，内容也较全面，但老师在不少地方讲的都有些错误，有待提高。,4.0
Adda_Chen,；老师普通话可以在提高一些，，，，,5.0
CWUC--罗震,很棒强烈推荐,5.0
造雨人mooc2,老师讲得太棒了,5.0
浅蓝色gg,goodd,5.0
magical风铃,讲的很仔细，很多不懂的地方都会铺开讲，收获很多。,5.0
JmsAllen,讲得很清晰！,5.0
xiemenngdi,感觉很好，知识结构很清晰,5.0
9Found,老师讲得很好！！！！！！！！！！,5.0
小僵尸Rua,非常好，易懂，做得也很精美,5.0
小黄鸭咩咩咩,王曙燕老师和王燕老师对待哪怕是网络上的学生都很有耐心，这样的好老师请给我来一个连。,5.0
great1949,这门课程让我不再对KMP算法感到迷惘。,5.0
mooc心窗,课程质量很好，讲解的很清楚，对于据数结构这种比较难而且很重要的课程，最好利用这些课程对学过的知识加以巩固。,5.0
mooc1535355463179,真的太棒了！比我们昌大副院长老师讲的好多了，以一个领路人的身份带着我们思考，讲得非常细。强烈推荐！！！,5.0
xuptjk170115司灏,很不错，从算法结构中的时间与空间分析与各种算法的学习，是我更深刻的了解自己的所学。,5.0
mooc1529919846393,课程严密充实，对于编程初学者来说，可以有效地理解怎样将人类思维转变为计算机语言的过程。从而学习数据结构与算法非常有用,5.0
宝文理1702114张鹏哲,课程安排的紧凑而又细腻，便于我们学习，也能激起我的学习欲望，细节之处讲得十分细腻。,5.0
mooc1526956883021,非常感谢老师们在这段时间的辛勤付出！,5.0
加油瑞吖,课程较清晰易懂，老师讲的也很好，我自己学到了很多。谢谢老师们！,5.0
xuptrj170232宗世钰,非常有收获。,5.0
mooc1536324923396,找到了学习的地方,5.0
xuptdsj180135袁鑫怡,老师讲课的干货很多，学习之后受益匪浅，相信在之后的学习中数据结构和算法这门课程能取得很好的成绩,5.0
说一不二三hx,一直看这门课程，老师们讲解的都很浅显易懂，容易理解。,5.0
xuptrj170115杨文涛,课程很全面，每次章节结束后还有测试可以检验你学习的成果，视频加上文档使学习变得更简单化了,5.0
xuptrj170529李思琦,老师讲课细致，授课内容充实,5.0
xuptrj170208黄甫泓杭11,视频讲解非常详细，一针见血。,5.0
xuptrj170317韩旭鹏,课程整体还不错，网上做题真的是厉害,4.0
jxsdwct05,非常不错推荐,5.0
陌上花开_可缓缓归矣,老师讲解的通俗易懂，内容很不错，收获很多,5.0
王振宇mooc5,课程内容丰富，老师都讲的好精彩，太棒了！赞赞赞！,5.0
李保霖Leo_h,希望郭炜老师来讲这门课。递归转非递归那节张老师用词实在难懂，“本程”，“结构值”都不是我们常用的叫法,1.0
Nife_,学到了很多东西！,5.0
wzipone,看到大家的评论我就放心了,4.0
吴有肝,课程不错，不过课后讨论真的太难,5.0
bojohnzhang,很好！非常好！,5.0
1800013041,好好好好好,5.0
mooc1877337432373959,测试题描述模糊，难以下手。,1.0
还没吃饭,老师讲课很棒很清晰！,4.0
Christoher_Morcom,这就叫专业！之前我们学的数据结构，都是什么狗屁玩意儿。,4.0
刘俊杰mooc13,感觉讲的不怎么样,1.0
数媒1701李一泓,很棒！！！,5.0
wxc1234,一般吧，老师讲课不流畅,3.0
mooc34315820748791952,讲课没有条理和逻辑，感觉老师讲的时候没有备课,1.0
hit1180200721,。。。。。,5.0
IZOAmooc,Goodgood,5.0
梦淅,我一再确认，发现确实北京大学的课，emmm，拜拜了,3.0
mooc69137443984572531,优秀的一个课件,5.0
fjcsmart163com,在线学习很不错，老师措辞也很谨慎，非常推荐，看完留念。tips：1.25倍速感觉语速好很多。,5.0
alexgirl,很好的数据结构课程！,5.0
因果律的溶解,非常好，只可惜有几次作业忘了，过期了。,5.0
xuptjy031,课程内容精辟，老师讲课通俗易懂，让我学到了很多。,5.0
阳°二十,谢谢老师讲的这么透彻。,5.0
王逊茗,学到了很多数据结构的知识，为自己以后学习计算机方面的知识打下了基础，也产生了浓厚的兴趣，很感谢老师。,5.0
xuptjk04181208王嘉琪,感觉数据结构与算法的学习非常有意义对于思维的活跃也有一定的作用,5.0
xuptrj180302陈啸宇,棒！强烈推荐,5.0
xuptjk180727姜欣静,老师讲解认真详细，容易理解，课后练习起到很大的巩固作用,5.0
XUPT06191001,干货，非常棒,5.0
知有通时,老师讲的特别好，我这种没什么基础的人也听得懂,5.0
魏亦文,这门数据结构与算法课对石油勘探数据处理很有用,5.0
xuptjk170334张妮娟,老师讲解的都非常好，通过学习这门课，收获了很多的知识，提高了自己。,5.0
计科1702韩佳豪,课程讲解内容简单易懂，适合初学者，而且能利用生活中的一些常见例子来说清楚一些不宜懂的理论，非常适合新手,5.0
xuptrj170226俞党玲,讲的很细，很全面,5.0
hilkant,简介，重点明确,5.0
木白mooc61,巩固了基础知识,5.0
mooc1531186409602,超级棒，点赞,5.0
xutg161504吴卓越,老师们讲的十分生动，线上线下教学结合的方法十分有益。,5.0
xupt18jy047付稳稳,老师授课循序渐进，非常清晰，讨论区答疑也很及时，看完能够对数据结构有系统化的认知，适合对数据结构感到头疼的同学学习。,5.0
xuptjk180522孙哲俊,经过这段时间的学习让我深刻了解到了数据结构在计算机程序设计中的重要性。,5.0
闷声吖,课程讲的很好。,5.0
xuptjk180730黄妍,老师讲课清晰，可以了解许多新知识,5.0
赵沅彤,知识点详细易懂,5.0
lilinlin100,课程很简单易懂，但是因为我是大一并且C课程才上刚开始的时候有很多算法无法实现，所以时间来不及。希望在7月份能够继续学习。,5.0
H先生嘻嘻,老师讲的不错，不懂的地方还会补上视频,5.0
陈允扬,老师讲得很好，学习效果很不错,5.0
NovakChan,老师讲的很深入，有讨论用的QQ群，大家都比较活跃，适合新手或者想复习的同学看看，隔壁北大老师的适合提高或者课后练习使用，想打基础的同学先用这个，再看张老师的就差不多了。,5.0
sx18215603126163com,这门课程对于我这个非计算机专业的太友好了，找了很多课程，这应该是最详细，讲的最深入的一门了。感谢电子科大的老师们！立帖为证，这门课必成国家精品。,5.0
¦    かpp℡Cc,和大学课堂学到的很相似，十分有用！,5.0
木子文伊口,老师讲得还是很详细的,5.0
陈乔怀古,学的还不错,4.0
kin3z,最满意是有实操示范，这个非常好。,5.0
傻傻的我_2017,课程讲解清楚,4.0
siomlwd,老师讲的很详细,5.0
季长云,适合像我这样的初学者，讲得很细致，谢谢老师不是精品课程不科学,5.0
the SKY with the HELIO,老师每个知识点都讲解的非常详细，程序的讲解也都十分清晰，如果老师可以讲一点题目就好了。,5.0
喔噢哦嚄,非常细致思路清晰比看书肯定是容易一些,5.0
xjsza,讲的很细很全面,5.0
mooc1516774621038,从目前的几节课来说，还是很有收获的，帮助自己系统了理解数据结构和算法,4.0
allenzhu,老师讲得深入浅出,5.0
弱水止三千,非常好，我有时间就学,5.0
你是时光里的海,很有帮助，感谢老师,5.0
S1800300533王星博,老师讲解的很详细，比书本上更容易理解，赞,5.0
1730230317刘璠mooc96508100906118873,老师教的非常好，简单易懂,5.0
mooc48607088761216442,教材组织非常用心，图示、举例大大方便了对内容理解,5.0
9guet1800300115冯斌,支持这个课程,5.0
射狮射虎射天狼1991,念PPT可耻，老师炒鸡不给力,1.0
5guet1800300818蓝贵荣,Good！,5.0
懂一点的人生,了解算法的内涵。,5.0
mooc1469068279619,这个课程还不错啊！,4.0
1751200336陈豪,内容讲的很详细，但是更希望能够把实现代码展示出来，让学者运行，进行更详细的了解,5.0
4guet1800300617黎永杰,老师讲得很棒，通俗易懂^_^,5.0
ykt44064078464426853,简单易懂，老师超级好棒,5.0
mooc23927429402855494,这门网上课程讲解的十分详细，也通俗易懂。很推荐,5.0
mooc14366272775272180,简单的问题，被讲得更复杂，被绕晕,2.0
1751300123董子豪,感觉在平台上学习比较好一点,5.0
5guet1800300531陶俊光,老师讲得很好，都能理解,5.0
1guet1800300530唐涌清,老师讲解生动细致，收获良多。,5.0
1800300529-苏舟,比只在书本上学强多了，老师讲的很细致,5.0
9guet1800300517李国栋,觉得老师对知识的阐述十分精确且易于理解,5.0
5guet1800300528阮强,这门课程让我对算法理解更透彻,5.0
5guet1800300534韦昌龙,经过本课学习对数据结构更加了解清楚，希望能越来越好！,5.0
射狮射虎射天狼1991,华而不实，传说中的PPT老师→_→,1.0
DUT_软1803_201892455,前面评价这位肯定对这几位老师没有了解哈哈哈,5.0
滴噜滴噜,老师讲课语速适中，吐字清晰，上课过程中把复杂问题简单化，课后答疑认真负责，实乃名师风范！看了不少数据结构的网课，自认为于老师的这门课程是讲得最好的，没有太多深奥晦涩的语言，能够简短直白地说明问题，我这种非计算机专业的学生都可以听懂，向大家极力推荐这门课程，作为编程底层知识的储备与补充非常合适！感谢教学团队！,5.0
万由里aretha,噪音很大，讲的太简单,2.0
GoldenEllipsis,课件的录入有点小问题，但是，本课程的逻辑性很强。第一章总览数据结构概念，从数据逻辑结构到数据存储结构到算法的设计及实现与逻辑结构、存储结构的关系。课件清晰明了，很适合像我这样的初学者。,5.0
十mooc531,不错不错不错不错,4.0
三年一日,还好，，，学到了一些知识,5.0
mooc40275447945052739,我已经学完本课程，觉得课程适合于自学者、文科生、大专生入门。本课程主要是让同学们搞清楚一些重要的数据结构和算法的概念和原理，能够手工演示算法的过程。很少要求同学们用C语言去写程序。同学们学习本课程及格后，如果想精益求精，用程序去实现算法，推荐到浙江大学的拼题A网站去练习。最后感谢老师们，祝愿后续开课越办越好！,5.0
Forthcomingmooc3,老师讲的非常好。解答非常耐心,5.0
ANNending,讲解详细，语速适中。手动点赞~,5.0
mooc66504987684920501,老师讲的很细致，方法很到位,5.0
trmlc163com,多学几遍就好了,5.0
buttercupsy163com,教师讲得很好,5.0
快马在江湖中厮杀,不错！好好学习吧！,5.0
悟已,别关闭以往的课程啊，害得我等到9.7号,5.0
xuptjk180636支怡菲,还是不错的,5.0
大数据李丹霞,老师讲的很好，加油呀,5.0
xuptjk180321郭文彬,老师讲课很仔细，感觉收获良多。,5.0
xuptjk180627张瑞婷,视频讲解非常详细，一针见血。,5.0
mooc98192392570080252,课程内容超级丰富老师讲课非常清晰简洁,5.0
yantmooc5,学习之后觉得对自己帮助很大,5.0
mooc63578396045920890,老师讲课方式很好。,5.0
子乔ykt1455010731138,非常棒的老师，非常棒的课程！！！！,5.0
xuptjk170331白欣辉,知识点清晰讲的很好,5.0
青柠ykt1496987832967,非常好，对我很有帮助呢,5.0
xuptjk170125,老师知识点讲解详细，习题思路清楚，作业适量，并且利于熟练掌握知识点,5.0
xuptrj170627李琼,老师讲的很详细，很有收获,5.0
bjwl计科201796104036张一凡,我觉得这个课程非常有用，对我的学习有很大帮助,5.0
mooc1535975282615,非常好的课程，老师都很认真，讲的很细,5.0
xuptrj170201张竞华,数据结构是一门非常有魅力并且重要的课程，这次数据结构的学习使我收获良多,5.0
xuptjk170620张莹,我觉得老师讲的很精炼，是核心内容，有利于我们快速掌握知识框架,5.0
宝文理17级计科一班王晓薇201796104063,很好很nice,5.0
二戈,老师讲课讲课真的超级浅显易懂，但是也有缺点，缺点不是老师讲课的问题，而是这个视频课的录制问题，声音一会儿大一会儿小，有时候屏幕太暗，建议真的提升一下这个课的录制，总的来说，很棒！,5.0
xuptjk180638王雨潇,老师讲得很仔细，课程质量很高。,5.0
xuptjk180617冯玉飞,棒棒棒棒棒,5.0
中原工学院钱瑞祥,老师讲课很详细,5.0
DemoKwei,超级超级棒哒！,5.0
SDU16jr一班吴林源,这门课的内容比较丰富，我半路杀来切入第四章开始学习，目前老师讲的内容开0.75倍速有奇效哈哈哈,5.0
.ykt1476006395214,还行吧，就是讲准备的时候不太。。。好吧,5.0
Haynar216,很不错的课程,5.0
鹿鹿鹿han,知识点很丰富希望多点代码训练量,5.0
ykt1492433222205,没声音没声音,1.0
浅蓝色gg,goodgoodgood,5.0
热狗1233,讲的重点不突出，没有激情，知识点讲的不详细，还不如看书,1.0
mooc1530868403660,用的是Python,5.0
Annmooc277,感觉老师好紧张以至于有些内容讲的太草率,4.0
BJTU15211178,老师讲的很棒，讲的很清晰，不愧是北大的老师，膜拜！,5.0
m18712153233163com,其实我还没看。。。,5.0
17郭祉辀,因为计算概论的原因，数算一部分内容我们已经学过一次。但是在py语言的表达下变得比c语言更加简单明了，感觉很棒。后面的内容仍有一部分无法理解，尚不明确，还需要多加回味。一学期的课，大作业令我十分难忘，不仅仅是编程方面的知识，而是在讨论方面给了我很大启发。游戏开发也是一个道理，使我更加重视讨论与磨合的重要性。,5.0
衡衡衡H,老师讲的很棒！,5.0
jack08011,讲到后面就是拿着指挥棒自言自语了。,2.0
mooc1526808540458,9.1和9.2的课件重复了吧，9.2的内容应该在9.1的视频中已经讲到了。,5.0
1russell0,老师将的内容很丰富，有深度,5.0
1400016634,老师非常棒！,5.0
旭渊,老师讲的太赞了，课程内容和示例每个都是精心挑选，个人收获很大。但这门课本身难度较大，认真作业要花太多的时间了，可是我太忙了，怕坚持不下来，努力！坚持！,5.0
ZPmooc19,进行了第一章的学习，感觉老师将的非常认真、细致，收获非常大！,5.0
ghq18763111752,老师讲的挺清晰地，很喜欢！,4.0
Dark forest,实用性很强,4.0
mooc1509236761339,深入浅出，太合适初学者了。,5.0
那一刻的等待,讲的很不错！！！,5.0
孟令玉,简洁明了，内容充实，例子清晰易懂。,5.0
zjdPeanut,无法答复的,5.0
词抒笙歌行诗者,棒棒棒棒棒,5.0
mooc88493747624941494,还不错，浅显易懂,5.0
mooc99633674238677550,戴波老师的《数据结构与算法》课程浅显易懂，引人入胜，非常值得学习！,5.0
Raychan,非常好的课程。,5.0
CQU20101001013,课程内容很好，老师讲的很好，对于非CS专业的人学着都毫不费力,5.0
DT_ZHAN,很不错，讲的很清楚,5.0
EStarter,慕课中内容全，资源范围广，完全适用于各级别学生自学，因此强烈推荐使用慕课。,5.0
m1501933217163com,谢谢各位老师,5.0
亦清mooc3,还好吧，哈希查找那块连着讲了好多的理论，听得有点无聊,4.0
xuptjk180529齐文静,感觉收获许多，锻炼了思维能力,5.0
xuptdsj180123高宇科,老师讲的通俗易懂，我受益颇多,5.0
窦春清,课程讲的非常清晰，前提是需要有c语言基础才行，适合初学者。,5.0
何物狂夫,讲的很好，很容易听懂,5.0
xupt计科180704白云鹏,老师讲的好,5.0
xuptjk180336张乐,老师讲课特别清晰，解决了我很多问题,5.0
xuptdsj180104孙涛,总的来说，获益匪浅，从一个说句结构没有任何接触的小白，到大概了解全部的框架以致对下学期的数据结构课程比较有信心，我从课里边收获到很多,5.0
xuptjk1807曹括成,棒棒棒棒棒,5.0
xyptrj1801戴华磊,推荐学习使用这个,5.0
xuptrj170524高茜,非常好好着,5.0
xuptjk180126尚凡,讲的非常好,5.0
xuptrj180425王雨婷,非常好，老师很细心,5.0
xuptjk180602吴雨田,讲解详细，结构清晰，深入浅出,5.0
xuptrj180525李新月,特别的不错,5.0
xuptjk180322王博文,老师教的很棒,5.0
XUPTRJ180316黄佳璇,老师讲的很好,5.0
xuptrj180211韦佳君,老师讲得详细具体让人容易理解,5.0
xuptjk180634李巾豪,非常好，讲解细致,5.0
xuptjk180227陈佳佳,老师讲的很好,5.0
xuptjk180518黄云川,让我学习到了很多新知识。,5.0
mooc1521680648220,渣渣渣渣渣,1.0
超级兔子嘟嘟,课程很好。就是有的填空题作业填的内容太复杂不太友好。,5.0
cc熊太郎,老师认真负责，但是感觉每个课件之间衔接不好,4.0
wolf.brother,真的有点难,4.0
KingGold96,课程很不错,4.0
morisykt1507789714357,老师讲的有点简单了吧，作为不是计科专业的表示听完还是没搞懂,3.0
LXSword,感觉编程题有点太简单了,4.0
徐宸,不，不，不错呢！,1.0
zero伯劳,原来c有这么妙的作用！,4.0
天天打鱼,7777777,4.0
小陈陈爱学习,感觉老师讲的东西太略啦,3.0
PhoenixViva,verygood,4.0
xuptjk180232齐月月,讲解清晰，初学者易懂，推荐,5.0
xuptjk180731范继欣,感觉灰常的好,5.0
xuptjk180504王一丞,内容充实，使用方便,5.0
xuptrj180209杨汉朋,课程非常有趣，易懂,5.0
xuptjk180609张博禹,好好好好好好,5.0
xuptrj183070白少锋,还不错，很详细,5.0
xuptrj180604程昱润,收获了太多有用的知识了,5.0
mooc88305240843048471,很不错，内容很合适,5.0
rhodonmooc2,我还是试试耐心的学下去吧,5.0
xuptrj180226苏佳莹,很好很好好好好很好很好好好好很好很好好好好很好很好好好好很好很好好好好很好很好好好好很好很好好好好很好很好好好好很好很好好好好很好很好好好好,5.0
xuptjy1803053金航,老师讲课生动形象，每个知识点都特别透彻，点赞！,5.0
_张振豪,课程组织严谨，授课方式新颖。,5.0
木铎有心mooc9,课程详细充实,5.0
危兆龙,真棒很多干货,5.0
m1581,课程很棒，就是不知道能保留多长时间,5.0
mooc63343503605713167,内容丰富易懂,5.0
伟mooc313,KMP一点都不难，才怪！,5.0
向风以南,老师讲的很清楚,5.0
卷尾树豪猪,很棒，启发很大。,5.0
mooc1536068411030,十分推荐，课程涵盖了数据结构与算法的方方面面，让我有了更深刻的认识！,5.0
路仁假mooc15,刚听完一节课豁然开朗,5.0
fmy999999,非常喜欢王老师的授课。受益匪浅！,5.0
xuptrj170212陈磊,知识讲解非常清晰,5.0
xuptjk170731李博宇,厉害!!!,5.0
xuptrj170504李淋峰,非常好。。。,5.0
xuptwl170208方勇,授课方式挺好,5.0
xuptrj170305卜德宝,很棒，真的很棒,5.0
bjwl-2017物联网-李鸽,很有帮助，以后会常用,5.0
xuptjk170313李梦阳,对C语言的学习很有帮助,5.0
xuptrj170205姜凯文,good!,5.0
xuptjk170732杜茜夏,可以通过视频对所学知识有了大概了解，对预习很有帮助,4.0
xuptrj170410袁哲,很对，感觉很舒服,5.0
钟喜龙,还行吧，挺好的！,5.0
比利mooc5,课程讲解很全面,5.0
bjwl-201796094013-蒋秋梅,好厉害棒极了,5.0
bjwl-2017物联网-冯明明,详细，可以看懂，巩固课上知识,5.0
xuptjk170717王佳博,非常的好，课程内容非常棒.老师讲的很深入浅出.我学习到了很多知识.尤其是我们数据结构的王春梅老师上镜非常好看,5.0
mooc1521123880577,讲解很清楚,5.0
宝文理2017物联3沙荣,挺不错的呢,5.0
Distantmooc19,很方便，便与同学交流,5.0
xuptjk170609李云鹏,内容不仅讲的知识多，而且讲的清晰，并且讲了单元题，真的非常棒。,5.0
xuptrj1701梁天木,课程内容很不错。练习也很好，但如果练习完有解析，以及错误分析的话就更好了,5.0
xuptjk170517焦瑞,可以从视频中清楚掌握知识，老师讲的很清楚，而且还会举例子，感到听课没有什么不懂得，而且可以随时看，慢慢记住就行,5.0
xuptjk170229曹容刚,老师们讲的都非常好课前听一下很好的预习效果课后还可以做题检验自己很棒,5.0
xuptjk170320刘瑜勃,老师们都很好，教学方式很先进,5.0
宝文理计科一1701049康瑞,66666,5.0
xuptjk170136陈梓婷,学习是一个循序渐进的过程，不要奢望只学一遍就能记住所以的知识点，要不断地复习、练习，巩固所学，才能真正理解掌握。,5.0
xuptjk170314曹心蕊,能让我们有效的预习和复习知识，定期的测试自己对知识的掌握,5.0
xuptrj170622杜明轩,这个讲的非常好,5.0
宝文理2017物联3班杜立明,很好nice,5.0
xuptjk170206田伟康,挺好的，讲的很清晰，很方便课后总结以及期末复习,5.0
李察1725,该课程重难点讲得很清楚,5.0
bjwl2017级计科刘雨豪,老师讲的特别好，适合自学。,5.0
xuptjk170407陈禹劼,老师讲的很仔细，不会的也可以在讨论区看,5.0
bjwl2017级计科李跃,内容分配很合理，很喜欢！,5.0
笑渐不闻ykt1521125623624,多了一个复习和预习的渠道。,5.0
xuptjk170422白一帆,课程的组织方面很全面，将书本上索要教授的重点都包含在内，老师讲解的也很清楚，课上没有听懂的在这里也能听到老师的讲解，对学好这门课起到了至关重要的作用，谢谢。,5.0
宝文理计科1702088冀帅,老师讲的好,5.0
xuptrj170106胡阿尼什,特别方便每个课都讲得清楚,5.0
xuptjk170728潘之颖,很棒！强烈推荐。,5.0
xuptjk170102姚金成,老师授课非常清晰明朗，让人很容易理解,5.0
xuptwl70323赵科普,算法让我在编写程序时更有逻辑性,5.0
xuptjk170623何益康,补充了上课老师讲的不足的地方，,5.0
xuptjk170703张启航,这样的教学很有创意,5.0
xuptjk170724李媛,内容质量很高老师讲的也很详细收获了很多,5.0
XUPTJK170532刘欣荣,蛮不错的，又视频课后练习，还有讨论答疑,5.0
宝文理计科1702007韩笑,老师讲的很好，受益匪浅。,5.0
xuptrj170121刘勇,老师讲的非常好，强烈推荐！！！,5.0
xuptwl170512张涛,每个老师的讲课方法都有各自的风格，看完之后受益匪浅,5.0
xuptjk170723张思源,老师讲课很细致，知识点很到位，作业布置也很及时，推荐。,5.0
xuptjk170734马艺诚,超级超级棒！！,5.0
bjwl-2017物联网-陈玉洁,我非常喜欢,5.0
mooc1517568932810,老师讲课思路清晰，重点突出，超级棒,5.0
常见啊,老师讲课思路清晰细致，由浅入深，循序渐进，适合初学者，也适合深挖,5.0
bjwl2017计科张欣阳,这些课件很详细，觉得做的很好。,5.0
秋千巷陌忆悲凉,很好，很不错。上课没听懂的下来还可以继续学。真好,5.0
xuptjk170612童卓,特别好，老师也很负责答疑很及时,5.0
xuptrj170425孙颖茹,感觉很详细，很多不懂的问题一听老师讲就茅塞顿开,5.0
xuptjk170130白加璐,非常有用，很强,5.0
mooc1521370584238,学到了很多知识，上课不懂的地方也得到了讲解，还要写作业，巩固了知识,5.0
宝文理计科1701045韩旭亮,可以让我们在学习一遍，巩固一下知识,5.0
bjwlxy软工一班高笑宇,课程给我带来了非常多的快乐与体验，希望继续努力,5.0
xuptjk170510高永佳,在课堂上听不懂的知识在慕课上再看看视频就会理解很多，而且老师讲的也很好,5.0
MengLiuMengLiu,棒棒棒棒棒,5.0
xuptrj170319陈誉mooc1535948032507,提高自学能力,5.0
xuptrj170126许闫婷,在课前预习和课后温故知新方面提供了有效途径，比心~,5.0
马煜捷,同一章课程的视频都是东拼西凑的，PPT上的伪代码很多都不对，特别是树的那一章，不同的老师讲的有很多重复的部分，总体上也不够系统,2.0
xutg161527陈红娜,授课方式新颖，能够激起我们的兴趣。,5.0
我天呐666,老师的具体很贴切,5.0
小曲ykt1524222086009,很好的课程,5.0
zya,讲的认真明白,5.0
xutg15-25赵琛,很棒的一门课程,5.0
xutg161505李荣荣,课程很好，老师讲的也很充分！,5.0
xuptjk180619李龙波,老师讲的很好，我的知识盲区感谢老师为我扫清，对算法编程思想有了自己的体会，以后会在次温习一遍！,5.0
xuptjk180539闫博博,老师很用心,5.0
xuptjk180724许启刚,老师课讲的非常的好，重点难点讲的很清楚，思路清晰，知识点全面！,5.0
anudmo,老师讲得非常清楚，很喜欢听,5.0
zjdPeanut,王曙燕老师讲的太好了。,5.0
xuptrj180314高腾,内容丰富，讲解细致，,5.0
xuptjk180737史经泰,老师讲的非常好,5.0
xuptrj180104范凯,；hh'uhluh,5.0
mooc65309741571507019,好了来咯哦,5.0
m156952198361163com,不错，清晰易懂·,5.0
mooc57610538076926566,非常棒，棒棒的,5.0
jackjones040163com,不错好好好,5.0
xcw931924821,好莫莫莫莫,5.0
xuptjk170126景鹏旭,老师讲的好,5.0
bjwl-2017物联网-赵迪,受益匪浅收获了很多,5.0
xuptjk170702张新奕,我收获可是老大了，学到老多知识了,5.0
xuptjk170335田浩勋,非常的有收货，值得一看。,5.0
xuptrj170216严欣豪,老师讲解清晰，知识点丰富，课件生动,5.0
mooc1521302147615,收获特别打，学习很有效率,5.0
xuptrj170313王敏航,很喜欢~！,5.0
xuptjk170520郑理元,慕课的出现让我补充了很多上课没有记住的知识,5.0
xuptrj0417301717张启,学习更简单方便，听课思路很清晰，讲解的很到位,5.0
bjwl2017级计科郑钊,很好.....,5.0
宝文理计科1702109姚重华,程序非常好用,5.0
xuptjk170705李闯,非常好！这样的方式让我获益匪浅。提一点要求，学校考核还是不要弄得如此麻烦吧。。,5.0
xuptjk170208朱星钿,老师讲解细致入微，大部分店都很透彻，我们理解起来也很容易,5.0
xuptwl170212杨程,课程讲解详细，较好理解,5.0
xuptjk170616李妍怡,教师授课内容清楚，条理清晰，对我的学习有很大帮助,5.0
xuptwg170505李盈,老师们讲的都很棒,5.0
xutg161501赵静怡,挺好的一门课。,5.0
xutg161522徐媛,我觉得挺好的。,5.0
xutg161628杨航凯,本课程内容详略有致，与传统教学方式相比，尤其是在数据结构这一门应用和理论融合的课程，随时观看课程视频是我认为最大的优点。,5.0
xuptjk180229李朝欣,很棒很不错,5.0
bjwl-18计科-刘志伟,从其中下我学到了很多,5.0
mooc61591104277940427,不错，挺好的,5.0
贺红丽,真的非常好看,5.0
xuptdsj180101张泽豪,在我们的生活当中，除了一些数值计算外（加、减、乘、除），还存在其它非值计算的问题，如对一堆数据进行排序（按分数高低排序），从一堆数据中查询某些或某个数据（数据查询问题），删除、添加、更新数据......。这些非计算的案例涉及到两个重要的问题：一个是数据存储的结构；另一个是基于某个结构进行的操作。数据存储的结构就决定了它的操作，不同的存储结构致使的操作的性能也不一样，如从一堆数据中删除某一个数据，如果用数组来存储，那么移动量就太大了，用链式结构来存储的话，就节省操作时间了。总的来讲，存储结构从计算机内存的角度来看，只有连续存储（数组）和非连续存储（链式）两种，从人的角度来看，可以划分得更广点，如树型、图、栈、队列、链表等。再说基于某个结构进行的操作，如排序，有很多的方法可以完成，如冒泡、选择、快速等方法可以完成，每个方法适应的环境也不一样，没有绝对的说哪一个方法最好。一般的存储结构确定了，那么它的操作也就确定了。,5.0
xuptrj180109丁润,不错，老师讲解很用心,5.0
手机蒹职在家赚钱加微信aiby527,可以做做加,5.0
尼勒个采,不小心参加了，可是我才刚高中毕业，没有基本的计算机知识，我该先学什么？,5.0
mooc1519176298966,老师讲的很好。很具体。知识点很详细。,5.0
王维振mooc1536799324624,感觉很不错，从中学习到了数据结构的知识,5.0
xuptrj0417301616唐财平,可以提前学提前看加深理解,4.0
xuptrj0417313916李姜丰,课程很不错，学习了很多相关内容,4.0
XUPTJK1706童一轩,感觉很不错,5.0
XiYouNidhogg,我学会了很多,5.0
xuptjk1702卢君,启发了我的学习,5.0
xupt0417307029鲍小海,收获很大。,5.0
网络1705-刘旭浩,挺好的，可以用来复习和预习,5.0
xuptjk170332王泽,非常好！！,5.0
xuptjk170618,内容很不错清晰明了,5.0
mooc1521291801453,学完受益匪浅,5.0
xuptrj170429亓开开,十分不好用//非要加个十分吗,5.0
xuptjk170127王震,数据结构不只是要学会思想，具体代码的实现也很重要,5.0
wuqingwei979,收获非常的大,5.0
xiyourj1701陈奕斌,老师讲的非常好收获很多,5.0
xuptjk170508单甄清,这是一份非常好的学习方式，希望以后还可以继续接触。,5.0
老实巴交小青年,老师们讲的很透彻，内容也很充实。,5.0
xuptwl170227刘晨昱,老师讲的很细致，对我的学习很有帮助,5.0
xuptjk170527白鑫琛,对我学习很有帮助,5.0
xuptwl170431强国民,老师讲的很仔细，十分实用,5.0
xuptrj170420田正东,666666,5.0
xuptjk170713樊荣,一节课只有短短的十几分钟都是精华，遇到没明白的知识点，自己也可以反复的去看,4.0
xupt17305929白雨婷,feichanghao,5.0
lonelyykt1511588516305,个人感觉想要详尽明白得时候不够详尽，想要简化略过得不够精炼,4.0
xuptjk170410张子豪,老师讲的很细心，收获颇多,5.0
西瓜啊西,对学数据结构有很大的帮助,5.0
xuptwl170307夏宇锋,真的非常好啊,5.0
xuptrj170129刘婷,课程讲解很不错也有PPT作为辅助课堂中间有习题每章结束也有习题挺锻炼人,4.0
xuptrj170625乌靖,很方便，可以线上学习,5.0
bjwl-2017软工-李静,很好，可以提高成绩,5.0
mooc1521340290196,收获特别多哈哈,5.0
宝文理计科1702097任若远,还行不错可以哦,5.0
mooc1521118057120,真的好帮我学习,5.0
xuptjk170424周珂珂,很不错，老师讲的很细心。,5.0
bjwl2017级计科柯希,很好很适合我们学习,5.0
宝文理计科174080陈涛,很好通俗易懂。收获丰富,5.0
xuptrj170510魏景鹏,特别有启发,5.0
xuptjk170708岳子璇,老师讲的知识点详细，课后也有PPT做参考,5.0
xuptrj170218张力中,很好的与课堂授课结合起来，使得学习更加清晰,4.0
xuptrj170431武倩怡,bucuo,5.0
xupurj170408齐伟东,我学的还可以,5.0
xuptwl170129王可欣,我觉得可以以这样的方式学习挺好的,4.0
xuptjk170727郭沁租,我觉得对我的帮助很大很大,5.0
xuptjk170211王文,老师讲的非常不错,5.0
mooc66185105548706910,提升很大！,5.0
xuptjk170721,讲的很详细，强烈推荐,5.0
xuptrj170123孙微,挺好的，不错,5.0
xuptrj1701王勇翔,可以试试边讲边练可能会更好,5.0
mo0c777,特别好，优秀,5.0
mooc1521116195135,很好理解啊,5.0
xuptrj170630赵健华,老师讲的都很好,5.0
宝文理1701066武强,好得很学到了好多呢,5.0
xuptwl170414刘浩,可以学到其他的知识,5.0
xuptrj170512毕尚,让我对这门功课的掌握程度更进一步,5.0
xuptrj170514王瀚辰,这是对于课前的预习,5.0
bjwl-2017物联网-姚雨欣,算法结构比较严谨,5.0
bjwl2017物联网张振,jHF9HR9QW9WE0RWE98HEW9,5.0
bjwl-2017物联网-彭丽文,我觉得很好,5.0
隐忍l,非常棒的讲解,5.0
哈哈哈13,好的呢！！,5.0
mooc1521294466104,有时候老师讲的话没有字幕，听不太清，需要后进然后再看，比较不方便，其他的很好，对我的学习帮助很大。,5.0
xuptwl170105张广杰,很好，讲解清晰，内容丰富,5.0
xuptrj170414吕科,11111,5.0
xuptjk170201亢鑫年,可以重复的看，有些可以看懂，但有些重复看也看不懂,5.0
xuptrj170220王恒,JFH牛掰，老师讲的很好,5.0
xuptjk170626贾毓彤,提高了我学习的自觉性,5.0
xuptjk170512于陈晨,授课方式新颖,5.0
xuptjk170519张孟婷,讲解细致，都恰到好处，可以接受,5.0
xuptrj170418尹陈东,课程很好，学到很多东西,5.0
xuptjk170326史雪梅,这种形式的授课目前为止还不错，有些课堂没有听懂的问题可以在慕课上反复看，反复研究,5.0
xuptjk170504杨晓麟,挺好的一门课,5.0
xuptjk170515李志豪,有趣！！！,5.0
xuptrj1702田雪鹏,haixingba,5.0
xuptwl170305刘鑫海,非常的生动有趣,5.0
xuptrj170616樊宗渤,很不错，讲解清楚,5.0
xuptrj170131fyy,老师讲的很好，ppt很清晰明了,5.0
乐观的摸摸脑阔,吼吼吼吼吼吼啊,5.0
xutg161616杜张陈,感觉自己学得不是很好，与其他同学还是有很大的差距。希望自己不要放弃，继续努力,3.0
z1752261609,就是突然左右音道的声音有点不太好，再就是课堂上学生的讲话声音录进去太多了，有点吵杂。课程内容上很棒，浅显易懂！,4.0
xutg161521吴文杰,很好很好很好,5.0
xuptjk180114刘传玺,就凑五个字,4.0
满分潇,讲的不好。,1.0
UOH-201801030218,好难啊，感觉啥都学不会,5.0
茶炒栗子hoho,课讲的很细，多个老师讲课很棒感谢老师感谢慕课!!!!,4.0
xuptrj180134王丽,不适应网上学习,4.0
xuptdsj180125强玥,让我对数据结构有了更深刻的了解,4.0
xuptrj180607孙一平,内容丰富，形式多样,4.0
aurevioral,老师讲的很好,4.0
mooc88043475912542289,图的讲解感觉有点生硬照着课本在念一样其他章节讲述的都很不错,4.0
bjwl-2017物联网-康婷婷,课程很不错有待提高,4.0
bjwl2017级软工蒋苗苗,吧保护机构,3.0
无奈Because,我觉得还行,4.0
xuptjk170121云玉柱,授课方式比较容易接受，老师讲的也比较好,4.0
xuptrj170329冯庆咪,不同到老师，不同的课程章节，有不同到新鲜感，可以多点动画元素,1.0
xuptrj170424刘娅,老师讲的非常好,4.0
mooc1521286785418,授课内容十分清晰,4.0
mooc1535976919489,感觉非常好,4.0
xuptjk170511王文康,知识点讲得很到位！而且不懂的可以反复学习,4.0
xuptrj170325王澜鲲,课挺好的，就是每次有测验能不能通知一下，嘤嘤嘤，好多次都错过了，很难过,4.0
mooc1521353364786,很喜欢课后的那个文档，能让我们更清楚，系统的了解,4.0
bjwl2017级软工王瑶瑶,在线预习，复习，提升自己的能力。,4.0
mooc1521294356237,不论是讲课方式还是讲的内容都挺棒的！,4.0
xuptrj170501胡越,啊啊啊啊啊啊,4.0
xuptwl170302王志吕,课太多了，内容好多感觉忙不过来,1.0
mooc1521340743145,我觉得挺不错的,4.0
xuptrj170210代学磊,可以提前自学知识,4.0
宝文理计科1701046郝萍雨,有些不会的难点都有讲解，,4.0
xuptrj170621王义超,内容还可以，讲课方式比较适合，时间自由度大，讲课时候的清晰度也非常不错，结合PPT，对知识点的介绍比较详细。,4.0
宝文理计科1701032张冀炜,c与语言是真的难,3.0
xuptrj1704班丁湘,还好，课程设计得合理，循环渐进中我们逐渐掌握顺序储存和链式储存的优缺点和使用环境。,3.0
聽說mooc5,这视频感觉不完整啊，老师一直说上节课讲过了，明明就是第一个视频……,2.0
mooc1528547332097,这声音是怎么了,3.0
封fenghl,能学到一点东西，但是知识碎片有点多。,4.0
690223,课程讲解很清楚，能学到很多东西，就是部分课程音频没有处理好，有待改进,4.0
mooc1509609993531,老师，您的声音有点小,5.0
脑浆消融,有的课程音频有问题。有的可见是图片，有的是PDF。,3.0
喜宝子-001,哎哎哎哎哎哎哎,1.0
蜗牛ykt1469523896919,课程怎么不连续啊，跳着讲的？,2.0
kin3z,课程有点乱，甚至有些课程录音是单声道，很影响学习质量，望完善。,4.0
暴风天使,*********,5.0
